region;comuna;estado_principal_label;apto_para_visor;archivo_recomendado;capa_recomendada;motivo;prc_fecha;prc_nombre;actos_posteriores;ultimo_acto_posterior
Antofagasta;Antofagasta;Requiere revisar cambios posteriores;REVISAR;IPT_Antofagasta/PRC/Antofagasta/IPT_02_PRC_Antofagasta.shp;IPT_02_PRC_Antofagasta;Existen actos normativos posteriores al instrumento base y no está verificado que todos estén incorporados en el SIG.;2002-07-17;Plan Regulador Comunal de Antofagasta;5;2016-02-09
Antofagasta;Calama;Requiere revisar cambios posteriores;REVISAR;IPT_Antofagasta/PRC/Calama/IPT_02_PRC_Calama.shp;IPT_02_PRC_Calama;Existen actos normativos posteriores al instrumento base y no está verificado que todos estén incorporados en el SIG.;2004-10-04;Plan Regulador Comunal de Calama;4;2015-05-20
Antofagasta;Maria Elena;Sin cartografía SIG vinculada;NO;;;No se encontró una capa SIG vinculada con suficiente confianza al instrumento vigente.;;;0;
Antofagasta;Mejillones;Requiere revisar cambios posteriores;REVISAR;IPT_Antofagasta/PRC/Mejillones/IPT_02_PRC_Mejillones.shp;IPT_02_PRC_Mejillones;Existen actos normativos posteriores al instrumento base y no está verificado que todos estén incorporados en el SIG.;2000-11-11;Plan Regulador Comunal del Puerto y Bahía de Mejillones;7;2015-04-28
Antofagasta;Ollague;Probablemente actualizado · falta verificación espacial;REVISAR;IPT_Antofagasta/PRC/Ollague/IPT_02_PRC_Ollague.shp;IPT_02_PRC_Ollague;Hay evidencia SIG compatible con todos los actos posteriores, pero aún falta comprobar geometría y atributos.;2004-06-19;Plano Regulador de la Comuna de Ollagüe;1;
Antofagasta;San Pedro De Atacama;Probablemente actualizado · falta verificación espacial;REVISAR;IPT_Antofagasta/PRC/San Pedro de Atacama/IPT_02_PRC_SanPedroAtacama.shp;IPT_02_PRC_SanPedroAtacama;Hay evidencia SIG compatible con todos los actos posteriores, pero aún falta comprobar geometría y atributos.;1998-09-21;Plan Regulador Comunal  San Pedro de Atacama;2;2002-12-31
Antofagasta;Sierra Gorda;Vigente · sin cambios posteriores detectados;SI;IPT_Antofagasta/PRC/Sierra Gorda/IPT_2_PRC_Sierra_Gorda.shp;IPT_2_PRC_Sierra_Gorda;La cartografía está vinculada al instrumento vigente y no se detectaron actos posteriores vigentes que requieran incorporación.;2021-06-19;Modificación Plan Regulador Comunal de Sierra Gorda;0;
Antofagasta;Taltal;Requiere revisar cambios posteriores;REVISAR;IPT_Antofagasta/PRC/Tal tal/IPT_02_PRC_Taltal.shp;IPT_02_PRC_Taltal;Existen actos normativos posteriores al instrumento base y no está verificado que todos estén incorporados en el SIG.;2001-05-31;Plan Regulador Comunal de Taltal;5;2024-07-10
Antofagasta;Tocopilla;Requiere revisar cambios posteriores;REVISAR;IPT_Antofagasta/PRC/Tocopilla/IPT_02_PRC_Tocopilla.shp;IPT_02_PRC_Tocopilla;Existen actos normativos posteriores al instrumento base y no está verificado que todos estén incorporados en el SIG.;2001-11-17;Modificación Plan Regulador Comunal de Tocopilla;5;2020-09-22
Arica y Parinacota;Arica;Probablemente actualizado · falta verificación espacial;REVISAR;IPT_AricayParinacota/PRC/Arica/IPT_15_PRC_Arica.shp;IPT_15_PRC_Arica;Hay evidencia SIG compatible con todos los actos posteriores, pero aún falta comprobar geometría y atributos.;2009-07-11;Plan Regulador Comunal de Arica;1;
Arica y Parinacota;Camarones;Sin PRC/LU vigente identificado;REVISAR;;;No se identificó un PRC o límite urbano comunal principal.;;;0;
Arica y Parinacota;General Lagos;Sin PRC/LU vigente identificado;REVISAR;;;No se identificó un PRC o límite urbano comunal principal.;;;0;
Arica y Parinacota;Putre;Requiere revisar cambios posteriores;REVISAR;IPT_AricayParinacota/PRC/Putre/IPT_15_PRC_Putre.shp;IPT_15_PRC_Putre;Existen actos normativos posteriores al instrumento base y no está verificado que todos estén incorporados en el SIG.;1987-11-04;Plan Regulador Comunal de Putre;1;
Atacama;Caldera;Requiere revisar cambios posteriores;REVISAR;IPT_Atacama/PRC/Caldera/IPT_03_PRC_Caldera.shp;IPT_03_PRC_Caldera;Existen actos normativos posteriores al instrumento base y no está verificado que todos estén incorporados en el SIG.;2010-02-13;Plan Regulador Comunal de Caldera;3;2021-09-21
Atacama;Chañaral;Requiere revisar cambios posteriores;REVISAR;IPT_Atacama/PRC/Chañaral/IPT_03_PRC_Chanaral.shp;IPT_03_PRC_Chanaral;Existen actos normativos posteriores al instrumento base y no está verificado que todos estén incorporados en el SIG.;2005-04-13;Plan Regulador Comunal de Chañaral;2;2006-07-27
Atacama;Copiapo;Requiere revisar cambios posteriores;REVISAR;IPT_Atacama/PRC/Copiapo/IPT_03_PRC_Copiapo.shp;IPT_03_PRC_Copiapo;Existen actos normativos posteriores al instrumento base y no está verificado que todos estén incorporados en el SIG.;2002-12-17;Plan Regulador Comunal de Copiapó;9;2024-08-22
Atacama;Diego De Almagro;Requiere revisar cambios posteriores;REVISAR;IPT_Atacama/PRC/Diego de Almagro/IPT_03_PRC_DiegoAlmagro.shp;IPT_03_PRC_DiegoAlmagro;Existen actos normativos posteriores al instrumento base y no está verificado que todos estén incorporados en el SIG.;2011-10-27;Plan Regulador Comunal de Diego de Almagro;2;2025-03-03
Atacama;Freirina;Requiere revisar cambios posteriores;REVISAR;IPT_Atacama/PRC/Freirina/IPT_03_PRC_Freirina.shp;IPT_03_PRC_Freirina;Existen actos normativos posteriores al instrumento base y no está verificado que todos estén incorporados en el SIG.;2009-12-14;Plan Regulador Comunal de Freirina;2;2017-11-14
Atacama;Huasco;Vigente · sin cambios posteriores detectados;SI;IPT_Atacama/PRC/Huasco/IPT_03_PRC_Huasco.shp;IPT_03_PRC_Huasco;La cartografía está vinculada al instrumento vigente y no se detectaron actos posteriores vigentes que requieran incorporación.;2021-02-13;Plan Regulador Comunal de Huasco;0;
Atacama;Tierra Amarilla;Sin cartografía SIG vinculada;NO;;;No se encontró una capa SIG vinculada con suficiente confianza al instrumento vigente.;;;0;
Atacama;Vallenar;Requiere revisar cambios posteriores;REVISAR;IPT_Atacama/PRC/Vallenar/IPT_03_PRC_Vallenar.shp;IPT_03_PRC_Vallenar;Existen actos normativos posteriores al instrumento base y no está verificado que todos estén incorporados en el SIG.;1982-02-06;Plan Regulador Comunal de Vallenar;4;2013-03-05
Aysén del General Carlos Ibáñez del Campo;Aysen;Vigente · sin cambios posteriores detectados;SI;IPT_Aysen/PRC/Puerto Chacabuco/IPT_11_PRC_PtoChacabuco.shp;IPT_11_PRC_PtoChacabuco;La cartografía está vinculada al instrumento vigente y no se detectaron actos posteriores vigentes que requieran incorporación.;2001-06-21;Plan Regulador Interurbano de Puerto Aysén - Puerto Chacabuco;0;
Aysén del General Carlos Ibáñez del Campo;Chile Chico;Sin cartografía SIG vinculada;NO;;;No se encontró una capa SIG vinculada con suficiente confianza al instrumento vigente.;;;0;
Aysén del General Carlos Ibáñez del Campo;Cisnes;Requiere revisar cambios posteriores;REVISAR;IPT_Aysen/PRC/Cisnes/IPT_11_PRC_Cisnes.shp;IPT_11_PRC_Cisnes;Existen actos normativos posteriores al instrumento base y no está verificado que todos estén incorporados en el SIG.;1992-11-26;Plan Regulador Comunal de Puerto Cisnes;3;2004-11-08
Aysén del General Carlos Ibáñez del Campo;Coyhaique;Requiere revisar cambios posteriores;REVISAR;IPT_Aysen/PRC/Coyhaique/IPT_11_PRC_Coyhaique.shp;IPT_11_PRC_Coyhaique;Existen actos normativos posteriores al instrumento base y no está verificado que todos estén incorporados en el SIG.;1997-09-29;Plan Regulador Comunal de Coyhaique;7;2011-09-24
Aysén del General Carlos Ibáñez del Campo;Guaitecas;Sin PRC/LU vigente identificado;REVISAR;;;No se identificó un PRC o límite urbano comunal principal.;;;0;
Aysén del General Carlos Ibáñez del Campo;Lago Verde;Sin PRC/LU vigente identificado;REVISAR;;;No se identificó un PRC o límite urbano comunal principal.;;;0;
Aysén del General Carlos Ibáñez del Campo;Rio Ibañez;Sin cartografía SIG vinculada;NO;;;No se encontró una capa SIG vinculada con suficiente confianza al instrumento vigente.;;;0;
Aysén del General Carlos Ibáñez del Campo;Tortel;Sin cartografía SIG vinculada;NO;;;No se encontró una capa SIG vinculada con suficiente confianza al instrumento vigente.;;;0;
Biobío;Alto Bio Bio;Vigente · sin cambios posteriores detectados;SI;IPT_BIOBIO/PRC/Alto BioBio/IPT_08_PRC_R_Alto_Biobio.shp;IPT_08_PRC_R_Alto_Biobio;La cartografía está vinculada al instrumento vigente y no se detectaron actos posteriores vigentes que requieran incorporación.;1999-04-01;Plan Regulador Comunal Santa Bárbara Ralco;0;
Biobío;Antuco;Requiere revisar cambios posteriores;REVISAR;IPT_BIOBIO/PRC/Antuco/IPT_08_PRC_Antuco.shp;IPT_08_PRC_Antuco;Existen actos normativos posteriores al instrumento base y no está verificado que todos estén incorporados en el SIG.;2013-03-20;Plan Regulador Comunal de Antuco;1;
Biobío;Arauco;Requiere revisar cambios posteriores;REVISAR;IPT_BIOBIO/PRC/Arauco/IPT_08_PRC_Arauco.shp;IPT_08_PRC_Arauco;Existen actos normativos posteriores al instrumento base y no está verificado que todos estén incorporados en el SIG.;1988-03-24;Plan Regulador Comunal de Arauco;5;2018-12-14
Biobío;Cabrero;Requiere revisar cambios posteriores;REVISAR;IPT_BIOBIO/PRC/Cabrero/IPT_08_PRC_Cabrero.shp;IPT_08_PRC_Cabrero;Existen actos normativos posteriores al instrumento base y no está verificado que todos estén incorporados en el SIG.;2009-12-28;Plan Regulador Comunal de Cabrero;3;2015-07-11
Biobío;Cañete;Requiere revisar cambios posteriores;REVISAR;IPT_BIOBIO/PRC/Cañete/IPT_08_PRC_Canete.shp;IPT_08_PRC_Canete;Existen actos normativos posteriores al instrumento base y no está verificado que todos estén incorporados en el SIG.;2009-11-11;Plan Regulador Comunal de Cañete;1;2015-07-31
Biobío;Chiguayante;Requiere revisar cambios posteriores;REVISAR;IPT_BIOBIO/PRC/Chiguayante/IPT_08_PRC_Chiguayante.shp;IPT_08_PRC_Chiguayante;Existen actos normativos posteriores al instrumento base y no está verificado que todos estén incorporados en el SIG.;2003-07-04;Plan Regulador Comunal de Chiguayante;9;2018-02-16
Biobío;Concepcion;Requiere revisar cambios posteriores;REVISAR;IPT_BIOBIO/PRC/Concepcion/IPT_08_PRC_Concepción.shp;IPT_08_PRC_Concepción;Existen actos normativos posteriores al instrumento base y no está verificado que todos estén incorporados en el SIG.;2004-04-22;Plan Regulador Comunal de Concepción;10;2019-04-03
Biobío;Contulmo;SIG encontrado, vínculo ambiguo;REVISAR;IPT_BIOBIO/PRC/Contulmo/IPT_08_PRC_Contulmo.shp;IPT_08_PRC_Contulmo;Existe cartografía candidata, pero todavía no se puede asegurar que corresponda al instrumento correcto.;2022-03-22;Plan Regulador Comunal de Contulmo;0;
Biobío;Coronel;Requiere revisar cambios posteriores;REVISAR;IPT_BIOBIO/PRC/Coronel/IPT_08_PRC_Coronel.shp;IPT_08_PRC_Coronel;Existen actos normativos posteriores al instrumento base y no está verificado que todos estén incorporados en el SIG.;2013-04-22;Plan Regulador Comunal de Coronel;2;2016-02-27
Biobío;Curanilahue;Requiere revisar cambios posteriores;REVISAR;IPT_BIOBIO/PRC/Curanilahue/IPT_08_PRC_Curanilahue.shp;IPT_08_PRC_Curanilahue;Existen actos normativos posteriores al instrumento base y no está verificado que todos estén incorporados en el SIG.;1982-05-27;Plan Regulador de Curanilahue;7;2015-11-13
Biobío;Florida;Requiere revisar cambios posteriores;REVISAR;IPT_BIOBIO/PRC/Florida/IPT_08_PRC_Florida.shp;IPT_08_PRC_Florida;Existen actos normativos posteriores al instrumento base y no está verificado que todos estén incorporados en el SIG.;2007-11-17;Plan Regulador Comunal de Florida;1;2015-04-25
Biobío;Hualpen;Probablemente actualizado · falta verificación espacial;REVISAR;IPT_BIOBIO/PRC/Hualpen/IPT_08_PRC_Hualpen.shp;IPT_08_PRC_Hualpen;Hay evidencia SIG compatible con todos los actos posteriores, pero aún falta comprobar geometría y atributos.;2023-01-30;Plan Regulador Comunal de Hualpén;1;
Biobío;Hualqui;Vigente · sin cambios posteriores detectados;SI;IPT_BIOBIO/PRC/Hualqui/IPT_08_PRC_Hualqui.shp;IPT_08_PRC_Hualqui;La cartografía está vinculada al instrumento vigente y no se detectaron actos posteriores vigentes que requieran incorporación.;2017-03-25;Plan Regulador Comunal de Hualqui;0;
Biobío;Laja;Requiere revisar cambios posteriores;REVISAR;IPT_BIOBIO/PRC/Laja/IPT_08_PRC_Laja.shp;IPT_08_PRC_Laja;Existen actos normativos posteriores al instrumento base y no está verificado que todos estén incorporados en el SIG.;2008-10-16;Plan Regulador Comunal de Laja;4;2015-10-07
Biobío;Lebu;Requiere revisar cambios posteriores;REVISAR;IPT_BIOBIO/PRC/Lebu/IPT_08_PRC_Lebu.shp;IPT_08_PRC_Lebu;Existen actos normativos posteriores al instrumento base y no está verificado que todos estén incorporados en el SIG.;2009-04-24;Plan Regulador Comunal de Lebu;2;2016-10-14
Biobío;Los Alamos;Requiere revisar cambios posteriores;REVISAR;IPT_BIOBIO/PRC/Los Alamos/IPT_08_PRC_Los_Alamos.shp;IPT_08_PRC_Los_Alamos;Existen actos normativos posteriores al instrumento base y no está verificado que todos estén incorporados en el SIG.;2008-03-12;Plan Regulador Comunal de Los Alamos;2;2015-05-13
Biobío;Los Angeles;Requiere revisar cambios posteriores;REVISAR;IPT_BIOBIO/PRC/Los Angeles/IPT_08_PRC_Los_Angeles.shp;IPT_08_PRC_Los_Angeles;Existen actos normativos posteriores al instrumento base y no está verificado que todos estén incorporados en el SIG.;2007-03-01;Plan Regulador Comunal de Los Ángeles;4;2015-08-12
Biobío;Lota;Requiere revisar cambios posteriores;REVISAR;IPT_BIOBIO/PRC/Lota/IPT_08_PRC_Lota.shp;IPT_08_PRC_Lota;Existen actos normativos posteriores al instrumento base y no está verificado que todos estén incorporados en el SIG.;1983-09-01;Plan Regulador Comunal de Lota;4;2004-05-04
Biobío;Mulchen;Requiere revisar cambios posteriores;REVISAR;IPT_BIOBIO/PRC/Mulchen/IPT_08_PRC_Mulchen.shp;IPT_08_PRC_Mulchen;Existen actos normativos posteriores al instrumento base y no está verificado que todos estén incorporados en el SIG.;1989-06-26;Plan Regulador Comunal de Mulchén;3;2010-05-04
Biobío;Nacimiento;Requiere revisar cambios posteriores;REVISAR;IPT_BIOBIO/PRC/Nacimiento/IPT_08_PRC_Nacimiento.shp;IPT_08_PRC_Nacimiento;Existen actos normativos posteriores al instrumento base y no está verificado que todos estén incorporados en el SIG.;2009-07-13;Plan Regulador Comunal de Nacimiento;4;2018-03-28
Biobío;Negrete;Requiere revisar cambios posteriores;REVISAR;IPT_BIOBIO/PRC/Negrete/IPT_08_PRC_Negrete.shp;IPT_08_PRC_Negrete;Existen actos normativos posteriores al instrumento base y no está verificado que todos estén incorporados en el SIG.;1991-09-27;Plan Regulador Comunal de Negrete;2;2015-05-22
Biobío;Penco;Requiere revisar cambios posteriores;REVISAR;IPT_BIOBIO/PRC/Penco/IPT_08_PRC_Penco.shp;IPT_08_PRC_Penco;Existen actos normativos posteriores al instrumento base y no está verificado que todos estén incorporados en el SIG.;2007-05-30;Plan Regulador Comunal de Penco;7;2019-01-04
Biobío;Quilaco;Sin cartografía SIG vinculada;NO;;;No se encontró una capa SIG vinculada con suficiente confianza al instrumento vigente.;;;0;
Biobío;Quilleco;Sin cartografía SIG vinculada;NO;;;No se encontró una capa SIG vinculada con suficiente confianza al instrumento vigente.;;;0;
Biobío;San Pedro De La Paz;Requiere revisar cambios posteriores;REVISAR;IPT_BIOBIO/PRC/San Pedro de La Paz/IPT_08_PRC_San_Pedro_de_la_Paz.shp;IPT_08_PRC_San_Pedro_de_la_Paz;Existen actos normativos posteriores al instrumento base y no está verificado que todos estén incorporados en el SIG.;2011-03-24;Plan Regulador Comunal de San Pedro de la Paz;3;2019-02-09
Biobío;San Rosendo;Sin cartografía SIG vinculada;NO;;;No se encontró una capa SIG vinculada con suficiente confianza al instrumento vigente.;;;0;
Biobío;Santa Barbara;Requiere revisar cambios posteriores;REVISAR;IPT_BIOBIO/PRC/Santa Barbara/IPT_08_PRC_Santa_Barbara.shp;IPT_08_PRC_Santa_Barbara;Existen actos normativos posteriores al instrumento base y no está verificado que todos estén incorporados en el SIG.;1999-04-01;Plan Regulador Comunal de Santa Bárbara y Ralco;2;2015-05-23
Biobío;Santa Juana;Requiere revisar cambios posteriores;REVISAR;IPT_BIOBIO/PRC/Santa Juana/IPT_08_PRC_Santa_Juana.shp;IPT_08_PRC_Santa_Juana;Existen actos normativos posteriores al instrumento base y no está verificado que todos estén incorporados en el SIG.;2006-12-15;Plan Regulador Comunal de Santa Juana;1;2009-11-27
Biobío;Talcahuano;Requiere revisar cambios posteriores;REVISAR;IPT_BIOBIO/PRC/Talcahuano/IPT_08_PRC_Talcahuano.shp;IPT_08_PRC_Talcahuano;Existen actos normativos posteriores al instrumento base y no está verificado que todos estén incorporados en el SIG.;2006-01-31;Plan Regulador Comunal de Talcahuano;7;2015-06-02
Biobío;Tirua;Requiere revisar cambios posteriores;REVISAR;IPT_BIOBIO/PRC/Tirua/IPT_08_PRC_R_Tirua.shp;IPT_08_PRC_R_Tirua;Existen actos normativos posteriores al instrumento base y no está verificado que todos estén incorporados en el SIG.;2012-08-29;Plan Regulador Comunal de Tirúa;3;2017-06-07
Biobío;Tome;Requiere revisar cambios posteriores;REVISAR;IPT_BIOBIO/PRC/Tome/IPT_08_PRC_Tome.shp;IPT_08_PRC_Tome;Existen actos normativos posteriores al instrumento base y no está verificado que todos estén incorporados en el SIG.;2008-09-08;Plan Regulador Comunal de Tomé;4;2023-08-02
Biobío;Tucapel;Sin cartografía SIG vinculada;NO;;;No se encontró una capa SIG vinculada con suficiente confianza al instrumento vigente.;;;0;
Biobío;Yumbel;Requiere revisar cambios posteriores;REVISAR;IPT_BIOBIO/PRC/Yumbel/IPT_08_PRC_Yumbel.shp;IPT_08_PRC_Yumbel;Existen actos normativos posteriores al instrumento base y no está verificado que todos estén incorporados en el SIG.;2009-11-11;Plan Regulador Comunal de Yumbel;1;
Coquimbo;Andacollo;Requiere revisar cambios posteriores;REVISAR;IPT_Coquimbo/PRC/Andacollo/IPT_04_PRC_Andacollo.shp;IPT_04_PRC_Andacollo;Existen actos normativos posteriores al instrumento base y no está verificado que todos estén incorporados en el SIG.;1993-04-28;Plan Regulador Comunal_Andacollo;3;2011-11-18
Coquimbo;Canela;Sin cartografía SIG vinculada;NO;;;No se encontró una capa SIG vinculada con suficiente confianza al instrumento vigente.;;;0;
Coquimbo;Combarbala;Vigente · sin cambios posteriores detectados;SI;IPT_Coquimbo/PRC/Combarbala/IPT_04_PRC_Combarbala.shp;IPT_04_PRC_Combarbala;La cartografía está vinculada al instrumento vigente y no se detectaron actos posteriores vigentes que requieran incorporación.;2020-04-30;Plan Regulador Comunal de Combarbala;0;
Coquimbo;Coquimbo;Sin cartografía SIG vinculada;NO;;;No se encontró una capa SIG vinculada con suficiente confianza al instrumento vigente.;2026-01-05;Plan Regulador Comunal de Coquimbo, incluye localidades de Tongoy y Guanaqueros;0;
Coquimbo;Illapel;Requiere revisar cambios posteriores;REVISAR;IPT_Coquimbo/PRC/Illapel/IPT_04_PRC_Illapel.shp;IPT_04_PRC_Illapel;Existen actos normativos posteriores al instrumento base y no está verificado que todos estén incorporados en el SIG.;2009-08-08;Plan Regulador Comunal de Illapel;2;2015-04-29
Coquimbo;La Higuera;Vigente · sin cambios posteriores detectados;SI;IPT_Coquimbo/PRC/La Higuera/IPT_04_PRC_LaHiguera.shp;IPT_04_PRC_LaHiguera;La cartografía está vinculada al instrumento vigente y no se detectaron actos posteriores vigentes que requieran incorporación.;2020-04-29;Plan Regulador Comunal de La Higuera;0;
Coquimbo;La Serena;Requiere revisar cambios posteriores;REVISAR;IPT_Coquimbo/PRC/La Serena/IPT_04_PRC_LaSerena.shp;IPT_04_PRC_LaSerena;Existen actos normativos posteriores al instrumento base y no está verificado que todos estén incorporados en el SIG.;2020-12-19;Plan Regulador Comunal de La Serena;1;2023-05-30
Coquimbo;Los Vilos;Requiere revisar cambios posteriores;REVISAR;IPT_Coquimbo/PRC/Los Vilos/IPT_04_PRC_Los_Vilos.shp;IPT_04_PRC_Los_Vilos;Existen actos normativos posteriores al instrumento base y no está verificado que todos estén incorporados en el SIG.;1986-01-11;Plan Regulador Comunal Los Vilos;3;2011-04-09
Coquimbo;Monte Patria;Vigente · sin cambios posteriores detectados;SI;IPT_Coquimbo/PRC/Monte Patria/IPT_04_PRC_Monte_Patria.shp;IPT_04_PRC_Monte_Patria;La cartografía está vinculada al instrumento vigente y no se detectaron actos posteriores vigentes que requieran incorporación.;2025-05-05;Actualización PRC Monte Patria.;0;
Coquimbo;Ovalle;Requiere revisar cambios posteriores;REVISAR;IPT_Coquimbo/PRC/Ovalle/IPT_04_PRC_Ovalle.shp;IPT_04_PRC_Ovalle;Existen actos normativos posteriores al instrumento base y no está verificado que todos estén incorporados en el SIG.;2016-12-23;Plan Regulador Comunal de Ovalle;1;
Coquimbo;Paihuano;Vigente · sin cambios posteriores detectados;SI;IPT_Coquimbo/PRC/Paiguano/IPT_04_PRC_Paiguano.shp;IPT_04_PRC_Paiguano;La cartografía está vinculada al instrumento vigente y no se detectaron actos posteriores vigentes que requieran incorporación.;2019-07-10;Plan Regulador Comunal de Paihuano;0;
Coquimbo;Punitaqui;Vigente · sin cambios posteriores detectados;SI;IPT_Coquimbo/PRC/Punitaqui/IPT_04_PRC_Punitaqui.shp;IPT_04_PRC_Punitaqui;La cartografía está vinculada al instrumento vigente y no se detectaron actos posteriores vigentes que requieran incorporación.;2023-05-23;Plan Regulador Comunal de Punitaqui;0;
Coquimbo;Rio Hurtado;Vigente · sin cambios posteriores detectados;SI;IPT_Coquimbo/PRC/Rio Hurtado/IPT_04_PRC_Rio_Hurtado.shp;IPT_04_PRC_Rio_Hurtado;La cartografía está vinculada al instrumento vigente y no se detectaron actos posteriores vigentes que requieran incorporación.;2022-09-26;Plan Regulador Comunal de Río Hurtado;0;
Coquimbo;Salamanca;Requiere revisar cambios posteriores;REVISAR;IPT_Coquimbo/PRC/Salamanca/IPT_04_PRC_Salamanca.shp;IPT_04_PRC_Salamanca;Existen actos normativos posteriores al instrumento base y no está verificado que todos estén incorporados en el SIG.;1988-10-08;Plan Regulador Comunal de Salamanca;3;2010-08-21
Coquimbo;Vicuña;Vigente · sin cambios posteriores detectados;SI;IPT_Coquimbo/PRC/Vicuna/IPT_04_PRC_Vicuna.shp;IPT_04_PRC_Vicuna;La cartografía está vinculada al instrumento vigente y no se detectaron actos posteriores vigentes que requieran incorporación.;2021-02-19;Plan Regulador Comunal de Vicuña;0;
La Araucanía;Angol;Vigente · sin cambios posteriores detectados;SI;IPT_Araucania/PRC/Angol/IPT_09_PRC_Angol.shp;IPT_09_PRC_Angol;La cartografía está vinculada al instrumento vigente y no se detectaron actos posteriores vigentes que requieran incorporación.;2022-10-14;Plan Regulador Comunal de Angol;0;
La Araucanía;Carahue;Requiere revisar cambios posteriores;REVISAR;IPT_Araucania/PRC/Carahue/IPT_09_PRC_Carahue.shp;IPT_09_PRC_Carahue;Existen actos normativos posteriores al instrumento base y no está verificado que todos estén incorporados en el SIG.;1989-04-05;Plan Regulador Comunal de Carahue;3;2013-01-04
La Araucanía;Chol Chol;Sin cartografía SIG vinculada;NO;;;No se encontró una capa SIG vinculada con suficiente confianza al instrumento vigente.;;;0;
La Araucanía;Collipulli;Requiere revisar cambios posteriores;REVISAR;IPT_Araucania/PRC/Collipulli/IPT_09_PRC_Collipulli.shp;IPT_09_PRC_Collipulli;Existen actos normativos posteriores al instrumento base y no está verificado que todos estén incorporados en el SIG.;2009-07-02;Plan Regulador Comunal de Collipulli;1;2013-01-30
La Araucanía;Cunco;Sin cartografía SIG vinculada;NO;;;No se encontró una capa SIG vinculada con suficiente confianza al instrumento vigente.;;;0;
La Araucanía;Curacautin;Requiere revisar cambios posteriores;REVISAR;IPT_Araucania/PRC/Curacautin/IPT_09_PRC_Curacautin.shp;IPT_09_PRC_Curacautin;Existen actos normativos posteriores al instrumento base y no está verificado que todos estén incorporados en el SIG.;1989-05-04;Plan Regulador Comunal de Curacautín;1;1997-03-05
La Araucanía;Curarrehue;Sin cartografía SIG vinculada;NO;;;No se encontró una capa SIG vinculada con suficiente confianza al instrumento vigente.;;;0;
La Araucanía;Ercilla;Sin cartografía SIG vinculada;NO;;;No se encontró una capa SIG vinculada con suficiente confianza al instrumento vigente.;;;0;
La Araucanía;Freire;Requiere revisar cambios posteriores;REVISAR;IPT_Araucania/PRC/Freire/IPT_09_PRC_Freire.shp;IPT_09_PRC_Freire;Existen actos normativos posteriores al instrumento base y no está verificado que todos estén incorporados en el SIG.;1966-10-18;Plan Regulador Comunal de Freire;1;
La Araucanía;Galvarino;Sin cartografía SIG vinculada;NO;;;No se encontró una capa SIG vinculada con suficiente confianza al instrumento vigente.;;;0;
La Araucanía;Gorbea;Requiere revisar cambios posteriores;REVISAR;IPT_Araucania/PRC/Gorbea/IPT_09_PRC_Gorbea.shp;IPT_09_PRC_Gorbea;Existen actos normativos posteriores al instrumento base y no está verificado que todos estén incorporados en el SIG.;2012-07-24;Plan Regulador Comunal de Gorbea;2;2016-02-16
La Araucanía;Lautaro;Requiere revisar cambios posteriores;REVISAR;IPT_Araucania/PRC/Lautaro/IPT_09_PRC_Lautaro.shp;IPT_09_PRC_Lautaro;Existen actos normativos posteriores al instrumento base y no está verificado que todos estén incorporados en el SIG.;1988-02-19;Plan Regulador Comunal de Lautaro;1;2017-06-27
La Araucanía;Loncoche;Requiere revisar cambios posteriores;REVISAR;IPT_Araucania/PRC/Loncoche/IPT_09_PRC_Loncoche.shp;IPT_09_PRC_Loncoche;Existen actos normativos posteriores al instrumento base y no está verificado que todos estén incorporados en el SIG.;1991-01-14;Plan Regulador Comunal de Loncoche;4;2012-07-27
La Araucanía;Lonquimay;Requiere revisar cambios posteriores;REVISAR;IPT_Araucania/PRC/Lonquimay/IPT_09_PRC_Lonquimay_Villa_Portales.shp;IPT_09_PRC_Lonquimay_Villa_Portales;Existen actos normativos posteriores al instrumento base y no está verificado que todos estén incorporados en el SIG.;1978-09-13;Plan Regulador Comunal de Villa Portales;2;2021-04-14
La Araucanía;Los Sauces;Sin cartografía SIG vinculada;NO;;;No se encontró una capa SIG vinculada con suficiente confianza al instrumento vigente.;;;0;
La Araucanía;Lumaco;Sin cartografía SIG vinculada;NO;;;No se encontró una capa SIG vinculada con suficiente confianza al instrumento vigente.;;;0;
La Araucanía;Melipeuco;Sin cartografía SIG vinculada;NO;;;No se encontró una capa SIG vinculada con suficiente confianza al instrumento vigente.;;;0;
La Araucanía;Nueva Imperial;Sin cartografía SIG vinculada;NO;;;No se encontró una capa SIG vinculada con suficiente confianza al instrumento vigente.;2025-07-26;Actualización PRC Nueva Imperial;0;
La Araucanía;Padre Las Casas;Vigente · sin cambios posteriores detectados;SI;IPT_Araucania/PRC/Padre las Casas/IPT_09_PRC_Padre_Las_Casas.shp;IPT_09_PRC_Padre_Las_Casas;La cartografía está vinculada al instrumento vigente y no se detectaron actos posteriores vigentes que requieran incorporación.;1983-07-14;Zona F Plan Regulador Comunal de Temuco (Decreto N°100 del 14-07-1983);0;
La Araucanía;Perquenco;Sin cartografía SIG vinculada;NO;;;No se encontró una capa SIG vinculada con suficiente confianza al instrumento vigente.;;;0;
La Araucanía;Pitrufquen;Requiere revisar cambios posteriores;REVISAR;IPT_Araucania/PRC/Pitrufquen/IPT_09_PRC_Pitrufquen.shp;IPT_09_PRC_Pitrufquen;Existen actos normativos posteriores al instrumento base y no está verificado que todos estén incorporados en el SIG.;1984-01-31;Plan Regulador Comunal de Pitrufquén;3;2017-08-09
La Araucanía;Pucon;Requiere revisar cambios posteriores;REVISAR;IPT_Araucania/PRC/Pucon/IPT_09_PRC_Pucon.shp;IPT_09_PRC_Pucon;Existen actos normativos posteriores al instrumento base y no está verificado que todos estén incorporados en el SIG.;1994-05-06;Plan Regulador Comunal de Pucón;2;2023-01-31
La Araucanía;Puren;Sin cartografía SIG vinculada;NO;;;No se encontró una capa SIG vinculada con suficiente confianza al instrumento vigente.;;;0;
La Araucanía;Renaico;SIG encontrado, vínculo ambiguo;REVISAR;IPT_Araucania/PRC/Renaico/IPT_09_PRC_Renaico.shp;IPT_09_PRC_Renaico;Existe cartografía candidata, pero todavía no se puede asegurar que corresponda al instrumento correcto.;2023-02-18;Plan Regulador Comunal de Renaico;0;
La Araucanía;Saavedra;Vigente · sin cambios posteriores detectados;SI;IPT_Araucania/PRC/Puerto Saavedra/IPT_09_PRC_Puerto_Saavedra.shp;IPT_09_PRC_Puerto_Saavedra;La cartografía está vinculada al instrumento vigente y no se detectaron actos posteriores vigentes que requieran incorporación.;1964-01-06;Plan Regulador Comunal de Puerto Saavedra;0;
La Araucanía;Temuco;SIG encontrado, vínculo ambiguo;REVISAR;IPT_Araucania/PRC/Temuco/IPT_09_PRC_ARC_Temuco.shp;IPT_09_PRC_ARC_Temuco;Existe cartografía candidata, pero todavía no se puede asegurar que corresponda al instrumento correcto.;2010-02-02;Plan Regulador Comunal de Temuco-Labranza;3;2015-06-13
La Araucanía;Teodoro Schmidt;Sin cartografía SIG vinculada;NO;;;No se encontró una capa SIG vinculada con suficiente confianza al instrumento vigente.;;;0;
La Araucanía;Tolten;Sin cartografía SIG vinculada;NO;;;No se encontró una capa SIG vinculada con suficiente confianza al instrumento vigente.;2026-05-29;Plan Regulador Comunal Toltén, localidades de Nueva Toltén y Villa Los Boldos;0;
La Araucanía;Traiguen;Probablemente actualizado · falta verificación espacial;REVISAR;IPT_Araucania/PRC/Traiguen/IPT_09_PRC_Traiguen.shp;IPT_09_PRC_Traiguen;Hay evidencia SIG compatible con todos los actos posteriores, pero aún falta comprobar geometría y atributos.;1991-12-07;Plan Regulador Comunal de Traiguén;1;
La Araucanía;Victoria;Requiere revisar cambios posteriores;REVISAR;IPT_Araucania/PRC/Victoria/IPT_09_PRC_Victoria.shp;IPT_09_PRC_Victoria;Existen actos normativos posteriores al instrumento base y no está verificado que todos estén incorporados en el SIG.;1991-12-07;Plan Regulador Comunal de Victoria;2;2010-12-16
La Araucanía;Vilcun;Sin cartografía SIG vinculada;NO;;;No se encontró una capa SIG vinculada con suficiente confianza al instrumento vigente.;1966-10-18;Aprueba Plano Regulador, ordenanza local y límite urbano de Cajón.;1;
La Araucanía;Villarrica;Sin cartografía SIG vinculada;NO;;;No se encontró una capa SIG vinculada con suficiente confianza al instrumento vigente.;1992-06-20;Plan Regulador de Lican Ray;8;2018-11-23
Libertador General Bernardo O'Higgins;Chepica;Vigente · sin cambios posteriores detectados;SI;IPT_O'Higgins/PRC/Chepica/IPT_06_PRC_Chepica.shp;IPT_06_PRC_Chepica;La cartografía está vinculada al instrumento vigente y no se detectaron actos posteriores vigentes que requieran incorporación.;2009-02-11;Plan Regulador Comunal de Chépica_Localidades de Chépica y Auquinco;0;
Libertador General Bernardo O'Higgins;Chimbarongo;Vigente · sin cambios posteriores detectados;SI;IPT_O'Higgins/PRC/Chimbarongo/IPT_06_PRC_Chimbarongo.shp;IPT_06_PRC_Chimbarongo;La cartografía está vinculada al instrumento vigente y no se detectaron actos posteriores vigentes que requieran incorporación.;2011-06-17;Plan Regulador Comunal de Chimbarongo;0;
Libertador General Bernardo O'Higgins;Codegua;Vigente · sin cambios posteriores detectados;SI;IPT_O'Higgins/PRC/Codegua/IPT_06_PRC_Codegua.shp;IPT_06_PRC_Codegua;La cartografía está vinculada al instrumento vigente y no se detectaron actos posteriores vigentes que requieran incorporación.;2018-08-29;Plan Regulador Comunal de Codegua_Localidades de Codegua y La Compañía;0;
Libertador General Bernardo O'Higgins;Coinco;Vigente · sin cambios posteriores detectados;SI;IPT_O'Higgins/PRC/Coinco/IPT_06_PRC_Coinco.shp;IPT_06_PRC_Coinco;La cartografía está vinculada al instrumento vigente y no se detectaron actos posteriores vigentes que requieran incorporación.;2008-08-28;Plan Regulador Comunal de Coinco_Localidades de Coinco- Cruz de Chillehue y Copequén;0;
Libertador General Bernardo O'Higgins;Coltauco;Vigente · sin cambios posteriores detectados;SI;IPT_O'Higgins/PRC/Coltauco/IPT_06_PRC_Coltauco.shp;IPT_06_PRC_Coltauco;La cartografía está vinculada al instrumento vigente y no se detectaron actos posteriores vigentes que requieran incorporación.;1995-12-18;Plan Regulador Comunal de Coltauco_Localidades de Coltauco - El Almendro;0;
Libertador General Bernardo O'Higgins;Doñihue;Requiere revisar cambios posteriores;REVISAR;IPT_O'Higgins/PRC/Doñihue/IPT_06_PRC_Donihue.shp;IPT_06_PRC_Donihue;Existen actos normativos posteriores al instrumento base y no está verificado que todos estén incorporados en el SIG.;1988-05-03;Plan Regulador Comunal de Doñihue_Localidades de Doñihue y Lo Miranda;1;
Libertador General Bernardo O'Higgins;Graneros;Requiere revisar cambios posteriores;REVISAR;IPT_O'Higgins/PRC/Graneros/IPT_06_PRC_Graneros.shp;IPT_06_PRC_Graneros;Existen actos normativos posteriores al instrumento base y no está verificado que todos estén incorporados en el SIG.;2016-07-02;Plan Regulador Comunal de Graneros_Localidades de Graneros y La Compañía;2;
Libertador General Bernardo O'Higgins;La Estrella;Vigente · sin cambios posteriores detectados;SI;IPT_O'Higgins/PRC/La Estrella/IPT_06_PRC_La_Estrella.shp;IPT_06_PRC_La_Estrella;La cartografía está vinculada al instrumento vigente y no se detectaron actos posteriores vigentes que requieran incorporación.;2016-04-12;Plan Regulador Comunal de La Estrella;0;
Libertador General Bernardo O'Higgins;Las Cabras;Vigente · sin cambios posteriores detectados;SI;IPT_O'Higgins/PRC/Las Cabras/IPT_06_PRC_Las_Cabras.shp;IPT_06_PRC_Las_Cabras;La cartografía está vinculada al instrumento vigente y no se detectaron actos posteriores vigentes que requieran incorporación.;1987-12-03;Plan Regulador Comunal de Las Cabras;0;
Libertador General Bernardo O'Higgins;Litueche;Requiere revisar cambios posteriores;REVISAR;IPT_O'Higgins/PRC/Litueche/IPT_06_PRC_Litueche.shp;IPT_06_PRC_Litueche;Existen actos normativos posteriores al instrumento base y no está verificado que todos estén incorporados en el SIG.;2010-01-13;Plan Regulador Comunal de Litueche;1;2022-10-21
Libertador General Bernardo O'Higgins;Lolol;Vigente · sin cambios posteriores detectados;SI;IPT_O'Higgins/PRC/Lolol/IPT_06_PRC_Lolol.shp;IPT_06_PRC_Lolol;La cartografía está vinculada al instrumento vigente y no se detectaron actos posteriores vigentes que requieran incorporación.;2009-12-17;Plan Regulador Comunal de Lolol;0;
Libertador General Bernardo O'Higgins;Machali;Requiere revisar cambios posteriores;REVISAR;IPT_O'Higgins/PRC/Machali/IPT_06_PRC_Machali.shp;IPT_06_PRC_Machali;Existen actos normativos posteriores al instrumento base y no está verificado que todos estén incorporados en el SIG.;2007-12-05;Plan Regulador Comunal de Machalí_Localidades de Machalí y Coya;10;2021-12-09
Libertador General Bernardo O'Higgins;Malloa;Requiere revisar cambios posteriores;REVISAR;IPT_O'Higgins/PRC/Malloa/IPT_06_PRC_Malloa.shp;IPT_06_PRC_Malloa;Existen actos normativos posteriores al instrumento base y no está verificado que todos estén incorporados en el SIG.;2012-04-05;Plan Regulador Comunal de Malloa_Localidades de Malloa y Pelequén;1;2014-11-19
Libertador General Bernardo O'Higgins;Marchihue;Sin cartografía SIG vinculada;NO;;;No se encontró una capa SIG vinculada con suficiente confianza al instrumento vigente.;;;0;
Libertador General Bernardo O'Higgins;Mostazal;Vigente · sin cambios posteriores detectados;SI;IPT_O'Higgins/PRC/Mostazal/IPT_06_PRC_Mostazal.shp;IPT_06_PRC_Mostazal;La cartografía está vinculada al instrumento vigente y no se detectaron actos posteriores vigentes que requieran incorporación.;2018-10-26;Plan Regulador Comunal de Mostazal;0;
Libertador General Bernardo O'Higgins;Nancagua;Sin cartografía SIG vinculada;NO;;;No se encontró una capa SIG vinculada con suficiente confianza al instrumento vigente.;;;0;
Libertador General Bernardo O'Higgins;Navidad;Vigente · sin cambios posteriores detectados;SI;IPT_O'Higgins/PRC/Navidad/IPT_06_PRC_Navidad.shp;IPT_06_PRC_Navidad;La cartografía está vinculada al instrumento vigente y no se detectaron actos posteriores vigentes que requieran incorporación.;2009-01-29;Plan Regulador Comunal de Navidad;0;
Libertador General Bernardo O'Higgins;Olivar;Requiere revisar cambios posteriores;REVISAR;IPT_O'Higgins/PRC/Olivar/IPT_06_PRC_Olivar.shp;IPT_06_PRC_Olivar;Existen actos normativos posteriores al instrumento base y no está verificado que todos estén incorporados en el SIG.;1990-09-24;Plan Regulador Comunal de Olivar;1;
Libertador General Bernardo O'Higgins;Palmilla;Vigente · sin cambios posteriores detectados;SI;IPT_O'Higgins/PRC/Palmilla/IPT_06_PRC_Palmilla.shp;IPT_06_PRC_Palmilla;La cartografía está vinculada al instrumento vigente y no se detectaron actos posteriores vigentes que requieran incorporación.;2008-08-28;Plan Regulador Comunal de Palmilla;0;
Libertador General Bernardo O'Higgins;Paredones;Vigente · sin cambios posteriores detectados;SI;IPT_O'Higgins/PRC/Paredones/IPT_06_PRC_Paredones.shp;IPT_06_PRC_Paredones;La cartografía está vinculada al instrumento vigente y no se detectaron actos posteriores vigentes que requieran incorporación.;2014-12-17;Plan Regulador Comunal de Paredones;0;
Libertador General Bernardo O'Higgins;Peralillo;Requiere revisar cambios posteriores;REVISAR;IPT_O'Higgins/PRC/Peralillo/IPT_06_PRC_Peralillo.shp;IPT_06_PRC_Peralillo;Existen actos normativos posteriores al instrumento base y no está verificado que todos estén incorporados en el SIG.;1996-11-26;Plan Regulador Comunal de Peralillo;1;
Libertador General Bernardo O'Higgins;Peumo;Vigente · sin cambios posteriores detectados;SI;IPT_O'Higgins/PRC/Peumo/IPT_06_PRC_Peumo.shp;IPT_06_PRC_Peumo;La cartografía está vinculada al instrumento vigente y no se detectaron actos posteriores vigentes que requieran incorporación.;2005-07-02;Plan Regulador de Peumo;0;
Libertador General Bernardo O'Higgins;Pichidegua;Vigente · sin cambios posteriores detectados;SI;IPT_O'Higgins/PRC/Pichidegua/IPT_06_PRC_Pichidegua.shp;IPT_06_PRC_Pichidegua;La cartografía está vinculada al instrumento vigente y no se detectaron actos posteriores vigentes que requieran incorporación.;2006-10-25;Plan Regulador Comunal de Pichidegua;0;
Libertador General Bernardo O'Higgins;Pichilemu;Requiere revisar cambios posteriores;REVISAR;IPT_O'Higgins/PRC/Pichilemu/IPT_06_PRC_Pichilemu.shp;IPT_06_PRC_Pichilemu;Existen actos normativos posteriores al instrumento base y no está verificado que todos estén incorporados en el SIG.;2005-02-26;Plan Regulador Comunal de Pichilemu;7;2020-09-04
Libertador General Bernardo O'Higgins;Placilla;Requiere revisar cambios posteriores;REVISAR;IPT_O'Higgins/PRC/Placilla/IPT_06_PRC_Placilla.shp;IPT_06_PRC_Placilla;Existen actos normativos posteriores al instrumento base y no está verificado que todos estén incorporados en el SIG.;1988-02-11;Plan Regulador Comunal de Placilla;1;
Libertador General Bernardo O'Higgins;Pumanque;Sin cartografía SIG vinculada;NO;;;No se encontró una capa SIG vinculada con suficiente confianza al instrumento vigente.;;;0;
Libertador General Bernardo O'Higgins;Quinta De Tilcoco;Requiere revisar cambios posteriores;REVISAR;IPT_O'Higgins/PRC/Qta Tilcoco/IPT_06_PRC_Qta_Tilcoco.shp;IPT_06_PRC_Qta_Tilcoco;Existen actos normativos posteriores al instrumento base y no está verificado que todos estén incorporados en el SIG.;1995-12-18;Plan Regulador Comunal de Quinta de Tilcoco;1;
Libertador General Bernardo O'Higgins;Rancagua;Requiere revisar cambios posteriores;REVISAR;IPT_O'Higgins/PRC/Rancagua/IPT_06_PRC_Rancagua.shp;IPT_06_PRC_Rancagua;Existen actos normativos posteriores al instrumento base y no está verificado que todos estén incorporados en el SIG.;1990-09-25;Plan Regulador Comunal de Rancagua;24;2021-02-26
Libertador General Bernardo O'Higgins;Rengo;Requiere revisar cambios posteriores;REVISAR;IPT_O'Higgins/PRC/Rengo/IPT_06_PRC_Rengo.shp;IPT_06_PRC_Rengo;Existen actos normativos posteriores al instrumento base y no está verificado que todos estén incorporados en el SIG.;2009-04-14;Plan Regulador Comunal de Rengo;18;2023-04-04
Libertador General Bernardo O'Higgins;Requinoa;Vigente · sin cambios posteriores detectados;SI;IPT_O'Higgins/PRC/Requinoa/IPT_06_PRC_Requinoa.shp;IPT_06_PRC_Requinoa;La cartografía está vinculada al instrumento vigente y no se detectaron actos posteriores vigentes que requieran incorporación.;2024-11-25;Plan Regulador Comunal de Requínoa;0;
Libertador General Bernardo O'Higgins;San Fernando;Requiere revisar cambios posteriores;REVISAR;IPT_O'Higgins/PRC/San Fernando/IPT_06_PRC_San_Fernando.shp;IPT_06_PRC_San_Fernando;Existen actos normativos posteriores al instrumento base y no está verificado que todos estén incorporados en el SIG.;1998-12-01;Plan Regulador Comunal de San Fernando;1;
Libertador General Bernardo O'Higgins;San Vicente;Vigente · sin cambios posteriores detectados;SI;IPT_O'Higgins/PRC/San Vicente/IPT_06_PRC_San_Vicente.shp;IPT_06_PRC_San_Vicente;La cartografía está vinculada al instrumento vigente y no se detectaron actos posteriores vigentes que requieran incorporación.;2006-09-27;Plan Regulador Comunal de San Vicente;0;
Libertador General Bernardo O'Higgins;Santa Cruz;Requiere revisar cambios posteriores;REVISAR;IPT_O'Higgins/PRC/Santa Cruz/IPT_06_PRC_Santa_Cruz.shp;IPT_06_PRC_Santa_Cruz;Existen actos normativos posteriores al instrumento base y no está verificado que todos estén incorporados en el SIG.;1988-10-10;Plan Regulador Comunal de Santa Cruz;6;2023-04-26
Los Lagos;Ancud;Requiere revisar cambios posteriores;REVISAR;IPT_LOSLAGOS/PRC/Ancud/IPT_10_PRC_Ancud.shp;IPT_10_PRC_Ancud;Existen actos normativos posteriores al instrumento base y no está verificado que todos estén incorporados en el SIG.;1996-08-22;Plan Regulador Comunal de Ancud;2;2009-10-17
Los Lagos;Calbuco;Requiere revisar cambios posteriores;REVISAR;IPT_LOSLAGOS/PRC/Calbuco/IPT_10_PRC_Calbuco.shp;IPT_10_PRC_Calbuco;Existen actos normativos posteriores al instrumento base y no está verificado que todos estén incorporados en el SIG.;2006-07-24;APRUEBA ACTUALIZACION AL PLAN REGULADOR COMUNAL DE CALBUCO;2;2019-07-13
Los Lagos;Castro;Requiere revisar cambios posteriores;REVISAR;IPT_LOSLAGOS/PRC/Castro/IPT_10_PRC_Castro.shp;IPT_10_PRC_Castro;Existen actos normativos posteriores al instrumento base y no está verificado que todos estén incorporados en el SIG.;2007-06-07;Plan Regulador Comunal de Castro;5;2020-10-08
Los Lagos;Chaiten;Sin cartografía SIG vinculada;NO;;;No se encontró una capa SIG vinculada con suficiente confianza al instrumento vigente.;;;0;
Los Lagos;Chonchi;Requiere revisar cambios posteriores;REVISAR;IPT_LOSLAGOS/PRC/Chonchi/IPT_10_PRC_Chonchi.shp;IPT_10_PRC_Chonchi;Existen actos normativos posteriores al instrumento base y no está verificado que todos estén incorporados en el SIG.;1999-12-23;Plan Regulador Comunal de Chonchi;3;2017-11-14
Los Lagos;Dalcahue;Sin cartografía SIG vinculada;NO;;;No se encontró una capa SIG vinculada con suficiente confianza al instrumento vigente.;;;0;
Los Lagos;Fresia;Requiere revisar cambios posteriores;REVISAR;IPT_LOSLAGOS/PRC/Fresia/IPT_10_PRC_Fresia.shp;IPT_10_PRC_Fresia;Existen actos normativos posteriores al instrumento base y no está verificado que todos estén incorporados en el SIG.;2004-01-19;Plan Regulador Comunal de Fresia;1;
Los Lagos;Frutillar;Probablemente actualizado · falta verificación espacial;REVISAR;IPT_LOSLAGOS/PRC/Frutillar/IPT_10_PRC_Frutillar.shp;IPT_10_PRC_Frutillar;Hay evidencia SIG compatible con todos los actos posteriores, pero aún falta comprobar geometría y atributos.;2004-10-28;Plan Regulador Comunal de Frutillar;1;2008-09-09
Los Lagos;Hualaihue;Sin cartografía SIG vinculada;NO;;;No se encontró una capa SIG vinculada con suficiente confianza al instrumento vigente.;;;0;
Los Lagos;Llanquihue;Requiere revisar cambios posteriores;REVISAR;IPT_LOSLAGOS/PRC/Llanquihue/IPT_10_PRC_Llanquihue.shp;IPT_10_PRC_Llanquihue;Existen actos normativos posteriores al instrumento base y no está verificado que todos estén incorporados en el SIG.;1988-03-04;Plan Regulador Comunal de Llanquihue;2;2000-12-29
Los Lagos;Los Muermos;Sin cartografía SIG vinculada;NO;;;No se encontró una capa SIG vinculada con suficiente confianza al instrumento vigente.;;;0;
Los Lagos;Maullin;Vigente · sin cambios posteriores detectados;SI;IPT_LOSLAGOS/PRC/Maullin/IPT_10_PRC_Maullin.shp;IPT_10_PRC_Maullin;La cartografía está vinculada al instrumento vigente y no se detectaron actos posteriores vigentes que requieran incorporación.;2022-07-19;Plan Regulador Comunal de Maullín;0;
Los Lagos;Osorno;Requiere revisar cambios posteriores;REVISAR;IPT_LOSLAGOS/PRC/Osorno/IPT_10_PRC_Osorno.shp;IPT_10_PRC_Osorno;Existen actos normativos posteriores al instrumento base y no está verificado que todos estén incorporados en el SIG.;1992-04-03;Plan Regulador Comunal de Osorno;10;2019-04-03
Los Lagos;Palena;Requiere revisar cambios posteriores;REVISAR;IPT_LOSLAGOS/PRC/Palena/IPT_10_PRC_Palena.shp;IPT_10_PRC_Palena;Existen actos normativos posteriores al instrumento base y no está verificado que todos estén incorporados en el SIG.;1989-01-23;Plan Regulador Comunal de Palena;1;
Los Lagos;Puerto Montt;Probablemente actualizado · falta verificación espacial;REVISAR;IPT_LOSLAGOS/PRC/Puerto Montt/IPT_10_PRC_Puerto_Montt.shp;IPT_10_PRC_Puerto_Montt;Hay evidencia SIG compatible con todos los actos posteriores, pero aún falta comprobar geometría y atributos.;2009-11-12;Plan Regulador Comunal de Puerto Montt;2;2016-10-25
Los Lagos;Puerto Octay;Requiere revisar cambios posteriores;REVISAR;IPT_LOSLAGOS/PRC/Puerto Octay/IPT_10_PRC_Puerto_Octay.shp;IPT_10_PRC_Puerto_Octay;Existen actos normativos posteriores al instrumento base y no está verificado que todos estén incorporados en el SIG.;1996-02-03;Plan Regulador Comunal de Puerto Octay;1;
Los Lagos;Puerto Varas;Sin cartografía SIG vinculada;NO;;;No se encontró una capa SIG vinculada con suficiente confianza al instrumento vigente.;2025-07-24;Actualización PRC Puerto Varas;1;
Los Lagos;Puqueldon;Sin cartografía SIG vinculada;NO;;;No se encontró una capa SIG vinculada con suficiente confianza al instrumento vigente.;;;0;
Los Lagos;Purranque;Requiere revisar cambios posteriores;REVISAR;IPT_LOSLAGOS/PRC/Purranque/IPT_10_PRC_Purranque.shp;IPT_10_PRC_Purranque;Existen actos normativos posteriores al instrumento base y no está verificado que todos estén incorporados en el SIG.;1968-01-12;Plan Regulador Comunal de Purranque;4;2002-10-02
Los Lagos;Puyehue;Requiere revisar cambios posteriores;REVISAR;IPT_LOSLAGOS/PRC/Puyehue/IPT_10_PRC_Puyehue.shp;IPT_10_PRC_Puyehue;Existen actos normativos posteriores al instrumento base y no está verificado que todos estén incorporados en el SIG.;1993-01-28;Plan Regulador Comunal de Puyehue;2;2001-07-27
Los Lagos;Queilen;Requiere revisar cambios posteriores;REVISAR;IPT_LOSLAGOS/PRC/Queilen/IPT_10_PRC_Queilen.shp;IPT_10_PRC_Queilen;Existen actos normativos posteriores al instrumento base y no está verificado que todos estén incorporados en el SIG.;1997-06-06;Plan Regulador Comunal de Queilén;2;2004-03-13
Los Lagos;Quellon;Requiere revisar cambios posteriores;REVISAR;IPT_LOSLAGOS/PRC/Quellon/IPT_10_PRC_Quellon.shp;IPT_10_PRC_Quellon;Existen actos normativos posteriores al instrumento base y no está verificado que todos estén incorporados en el SIG.;2005-06-16;Plan Regulador Comunal de Quellón;2;2018-03-26
Los Lagos;Quemchi;Sin cartografía SIG vinculada;NO;;;No se encontró una capa SIG vinculada con suficiente confianza al instrumento vigente.;;;0;
Los Lagos;Quinchao;Requiere revisar cambios posteriores;REVISAR;IPT_LOSLAGOS/PRC/Quinchao/IPT_10_PRC_Quinchao_Achao.shp;IPT_10_PRC_Quinchao_Achao;Existen actos normativos posteriores al instrumento base y no está verificado que todos estén incorporados en el SIG.;1999-08-27;Plan Regulador Comunal de Quinchao;3;2013-08-29
Los Lagos;Rio Negro;Vigente · sin cambios posteriores detectados;SI;IPT_LOSLAGOS/PRC/Rio Negro/IPT_10_PRC_Rio_Negro.shp;IPT_10_PRC_Rio_Negro;La cartografía está vinculada al instrumento vigente y no se detectaron actos posteriores vigentes que requieran incorporación.;1966-11-04;Plan Regulador Comunal de Río Negro;0;
Los Lagos;San Juan De La Costa;Sin PRC/LU vigente identificado;REVISAR;;;No se identificó un PRC o límite urbano comunal principal.;;;0;
Los Lagos;San Pablo;Vigente · sin cambios posteriores detectados;SI;IPT_LOSLAGOS/PRC/San Pablo/IPT_10_PRC_San_Pablo.shp;IPT_10_PRC_San_Pablo;La cartografía está vinculada al instrumento vigente y no se detectaron actos posteriores vigentes que requieran incorporación.;2010-03-18;Plan Regulador Comunal de San Pablo;0;
Los Ríos;Corral;Requiere revisar cambios posteriores;REVISAR;IPT_LOSRIOS/PRC/Corral/IPT_14_PRC_Corral.shp;IPT_14_PRC_Corral;Existen actos normativos posteriores al instrumento base y no está verificado que todos estén incorporados en el SIG.;1997-04-21;Plan Regulador Comunal de Corral;2;2023-01-11
Los Ríos;Futrono;Requiere revisar cambios posteriores;REVISAR;IPT_LOSRIOS/PRC/Futrono/IPT_14_PRC_Futrono.shp;IPT_14_PRC_Futrono;Existen actos normativos posteriores al instrumento base y no está verificado que todos estén incorporados en el SIG.;1997-12-03;Plan Regulador Comunal de Futrono;1;
Los Ríos;La Union;Requiere revisar cambios posteriores;REVISAR;IPT_LOSRIOS/PRC/La Union/IPT_14_PRC_La_Union.shp;IPT_14_PRC_La_Union;Existen actos normativos posteriores al instrumento base y no está verificado que todos estén incorporados en el SIG.;2003-04-04;Plan Regulador Comunal de La Unión;3;2014-12-20
Los Ríos;Lago Ranco;Probablemente actualizado · falta verificación espacial;REVISAR;IPT_LOSRIOS/PRC/Lago Ranco/IPT_14_PRC_Lago_Ranco.shp;IPT_14_PRC_Lago_Ranco;Hay evidencia SIG compatible con todos los actos posteriores, pero aún falta comprobar geometría y atributos.;1996-04-27;Plan Regulador Comunal de Lago Ranco;3;2007-07-21
Los Ríos;Lanco;SIG encontrado, vínculo ambiguo;REVISAR;IPT_LOSRIOS/PRC/Lanco/IPT_14_PRC_Lanco.shp;IPT_14_PRC_Lanco;Existe cartografía candidata, pero todavía no se puede asegurar que corresponda al instrumento correcto.;2003-05-30;Plan Regulador Comunal de Lanco;1;
Los Ríos;Los Lagos;Requiere revisar cambios posteriores;REVISAR;IPT_LOSRIOS/PRC/Los Lagos/IPT_14_PRC_Los_Lagos.shp;IPT_14_PRC_Los_Lagos;Existen actos normativos posteriores al instrumento base y no está verificado que todos estén incorporados en el SIG.;1996-12-31;Plan Regulador Comunal de Los Lagos;2;2008-07-03
Los Ríos;Mafil;Vigente · sin cambios posteriores detectados;SI;IPT_LOSRIOS/PRC/Mafil/IPT_14_PRC_Máfil.shp;IPT_14_PRC_Máfil;La cartografía está vinculada al instrumento vigente y no se detectaron actos posteriores vigentes que requieran incorporación.;2024-07-09;Plan Regulador Comunal de Máfil;0;
Los Ríos;Mariquina;Sin cartografía SIG vinculada;NO;;;No se encontró una capa SIG vinculada con suficiente confianza al instrumento vigente.;;;0;
Los Ríos;Paillaco;Vigente · sin cambios posteriores detectados;SI;IPT_LOSRIOS/PRC/Paillaco/IPT_14_PRC_Paillaco.shp;IPT_14_PRC_Paillaco;La cartografía está vinculada al instrumento vigente y no se detectaron actos posteriores vigentes que requieran incorporación.;2022-10-17;Plan Regulador Comunal de Paillaco;0;
Los Ríos;Panguipulli;Requiere revisar cambios posteriores;REVISAR;IPT_LOSRIOS/PRC/Panguipulli/IPT_14_PRC_Panguipulli.shp;IPT_14_PRC_Panguipulli;Existen actos normativos posteriores al instrumento base y no está verificado que todos estén incorporados en el SIG.;1990-07-27;Plan Regulador Comunal de Panguipulli;7;2015-04-29
Los Ríos;Rio Bueno;Requiere revisar cambios posteriores;REVISAR;IPT_LOSRIOS/PRC/Rio Bueno/IPT_14_PRC_Rio_Bueno.shp;IPT_14_PRC_Rio_Bueno;Existen actos normativos posteriores al instrumento base y no está verificado que todos estén incorporados en el SIG.;1991-03-11;Plan Regulador Comunal de Río Bueno;2;2021-10-02
Los Ríos;Valdivia;SIG encontrado, vínculo ambiguo;REVISAR;IPT_LOSRIOS/PRC/Valdivia/IPT_14_PRC_Valdivia.shp;IPT_14_PRC_Valdivia;Existe cartografía candidata, pero todavía no se puede asegurar que corresponda al instrumento correcto.;1988-11-03;Plan Regulador Comunal de Valdivia;27;2011-08-20
Magallanes y de la Antártica Chilena;Cabo De Hornos;Probablemente actualizado · falta verificación espacial;REVISAR;IPT_Magallanes/PRC/Puerto Williams/IPT_12_PRC_Puerto_Williams_CaboHornos.shp;IPT_12_PRC_Puerto_Williams_CaboHornos;Hay evidencia SIG compatible con todos los actos posteriores, pero aún falta comprobar geometría y atributos.;1988-02-08;Plan Regulador Puerto Williams;2;2002-02-05
Magallanes y de la Antártica Chilena;Laguna Blanca;Sin PRC/LU vigente identificado;REVISAR;;;No se identificó un PRC o límite urbano comunal principal.;;;0;
Magallanes y de la Antártica Chilena;Natales;Probablemente actualizado · falta verificación espacial;REVISAR;IPT_Magallanes/PRC/Puerto Natales/IPT_12_PRC_Puerto_Natales.shp;IPT_12_PRC_Puerto_Natales;Hay evidencia SIG compatible con todos los actos posteriores, pero aún falta comprobar geometría y atributos.;1987-07-07;Plan Regulador Comunal de Natales, localidad de Puerto Natales;1;1991-02-13
Magallanes y de la Antártica Chilena;Porvenir;Requiere revisar cambios posteriores;REVISAR;IPT_Magallanes/PRC/Porvenir/IPT_12_PRC_Porvenir.shp;IPT_12_PRC_Porvenir;Existen actos normativos posteriores al instrumento base y no está verificado que todos estén incorporados en el SIG.;2002-07-09;Plan Regulador Comunal de Porvenir;1;
Magallanes y de la Antártica Chilena;Punta Arenas;Probablemente actualizado · falta verificación espacial;REVISAR;IPT_Magallanes/PRC/Punta Arenas/IPT_12_PRC_Punta_Arenas.shp;IPT_12_PRC_Punta_Arenas;Hay evidencia SIG compatible con todos los actos posteriores, pero aún falta comprobar geometría y atributos.;2016-12-28;Plan Regulador Comunal de Punta Arenas;2;
Magallanes y de la Antártica Chilena;San Gregorio;Probablemente actualizado · falta verificación espacial;REVISAR;IPT_Magallanes/PRC/Punta Delgada/IPT_12_PRC_Punta_Delgada_San_Gregorio.shp;IPT_12_PRC_Punta_Delgada_San_Gregorio;Hay evidencia SIG compatible con todos los actos posteriores, pero aún falta comprobar geometría y atributos.;2000-02-01;Plan Regulador Comunal de Punta Delgada, comuna San Gregorio;1;
Magallanes y de la Antártica Chilena;Torres Del Paine;Sin PRC/LU vigente identificado;REVISAR;;;No se identificó un PRC o límite urbano comunal principal.;;;0;
Maule;Cauquenes;Probablemente actualizado · falta verificación espacial;REVISAR;IPT_Maule/PRC/Cauquenes/IPT_07_PRC_Cauquenes.shp;IPT_07_PRC_Cauquenes;Hay evidencia SIG compatible con todos los actos posteriores, pero aún falta comprobar geometría y atributos.;2009-09-04;Plan Regulador Comunal de Cauquenes;2;2026-04-28
Maule;Chanco;Sin cartografía SIG vinculada;NO;;;No se encontró una capa SIG vinculada con suficiente confianza al instrumento vigente.;;;0;
Maule;Colbun;Vigente · sin cambios posteriores detectados;SI;IPT_Maule/PRC/Colbun/IPT_07_PRC_Colbun.shp;IPT_07_PRC_Colbun;La cartografía está vinculada al instrumento vigente y no se detectaron actos posteriores vigentes que requieran incorporación.;2014-02-05;Plan Regulador Comunal de Colbún;0;
Maule;Constitucion;Requiere revisar cambios posteriores;REVISAR;IPT_Maule/PRC/Constitucion/IPT_07_PRC_Constitucion.shp;IPT_07_PRC_Constitucion;Existen actos normativos posteriores al instrumento base y no está verificado que todos estén incorporados en el SIG.;1988-02-06;Plan Regulador Comunal de Constitución;6;2022-12-26
Maule;Curepto;Vigente · sin cambios posteriores detectados;SI;IPT_Maule/PRC/Curepto/IPT_07_PRC_Curepto.shp;IPT_07_PRC_Curepto;La cartografía está vinculada al instrumento vigente y no se detectaron actos posteriores vigentes que requieran incorporación.;2016-09-23;Plan Regulador Comunal de Curepto;0;
Maule;Curico;Requiere revisar cambios posteriores;REVISAR;IPT_Maule/PRC/Curico/IPT_07_PRC_Curico.shp;IPT_07_PRC_Curico;Existen actos normativos posteriores al instrumento base y no está verificado que todos estén incorporados en el SIG.;2011-08-02;Plan Regulador Comunal de Curicó;4;2025-09-29
Maule;Empedrado;Sin cartografía SIG vinculada;NO;;;No se encontró una capa SIG vinculada con suficiente confianza al instrumento vigente.;;;0;
Maule;Hualañe;Sin cartografía SIG vinculada;NO;;;No se encontró una capa SIG vinculada con suficiente confianza al instrumento vigente.;;;0;
Maule;Licanten;Sin cartografía SIG vinculada;NO;;;No se encontró una capa SIG vinculada con suficiente confianza al instrumento vigente.;;;0;
Maule;Linares;Vigente · sin cambios posteriores detectados;SI;IPT_Maule/PRC/Linares/IPT_07_PRC_Linares.shp;IPT_07_PRC_Linares;La cartografía está vinculada al instrumento vigente y no se detectaron actos posteriores vigentes que requieran incorporación.;2017-12-04;Plan Regulador Comunal de Linares;0;
Maule;Longavi;Sin cartografía SIG vinculada;NO;;;No se encontró una capa SIG vinculada con suficiente confianza al instrumento vigente.;;;0;
Maule;Maule;Vigente · sin cambios posteriores detectados;SI;IPT_Maule/PRC/Maule/IPT_07_PRC_Maule.shp;IPT_07_PRC_Maule;La cartografía está vinculada al instrumento vigente y no se detectaron actos posteriores vigentes que requieran incorporación.;2019-07-19;Plan Regulador Comunal de Maule;0;
Maule;Molina;Requiere revisar cambios posteriores;REVISAR;IPT_Maule/PRC/Molina/IPT_07_PRC_Molina.shp;IPT_07_PRC_Molina;Existen actos normativos posteriores al instrumento base y no está verificado que todos estén incorporados en el SIG.;2022-12-07;Plan Regulador Comunal de Molina;3;2025-09-25
Maule;Parral;Requiere revisar cambios posteriores;REVISAR;IPT_Maule/PRC/Parral/IPT_07_PRC_Parral.shp;IPT_07_PRC_Parral;Existen actos normativos posteriores al instrumento base y no está verificado que todos estén incorporados en el SIG.;1990-07-03;Plan Regulador Comunal de Parral;3;2015-04-29
Maule;Pelluhue;Vigente · sin cambios posteriores detectados;SI;IPT_Maule/PRC/Pelluhue/IPT_07_PRC_Pelluhue.shp;IPT_07_PRC_Pelluhue;La cartografía está vinculada al instrumento vigente y no se detectaron actos posteriores vigentes que requieran incorporación.;2012-12-04;Plan Regulador Comunal de Pelluhue;0;
Maule;Pencahue;Probablemente actualizado · falta verificación espacial;REVISAR;IPT_Maule/PRC/Pencahue/IPT_07_PRC_Pencahue.shp;IPT_07_PRC_Pencahue;Hay evidencia SIG compatible con todos los actos posteriores, pero aún falta comprobar geometría y atributos.;2021-12-10;Plan Regulador Comunal de Pencahue;1;2024-04-19
Maule;Rauco;SIG encontrado, vínculo ambiguo;REVISAR;IPT_Maule/PRC/Rauco/IPT_07_PRC_Rauco.shp;IPT_07_PRC_Rauco;Existe cartografía candidata, pero todavía no se puede asegurar que corresponda al instrumento correcto.;;;0;
Maule;Retiro;Sin cartografía SIG vinculada;NO;;;No se encontró una capa SIG vinculada con suficiente confianza al instrumento vigente.;;;0;
Maule;Rio Claro;Sin cartografía SIG vinculada;NO;;;No se encontró una capa SIG vinculada con suficiente confianza al instrumento vigente.;;;0;
Maule;Romeral;Probablemente actualizado · falta verificación espacial;REVISAR;IPT_Maule/PRC/Romeral/IPT_07_PRC_Romeral.shp;IPT_07_PRC_Romeral;Hay evidencia SIG compatible con todos los actos posteriores, pero aún falta comprobar geometría y atributos.;2017-05-25;Plan Regulador Comunal de Romeral;2;2021-11-24
Maule;Sagrada Familia;Sin cartografía SIG vinculada;NO;;;No se encontró una capa SIG vinculada con suficiente confianza al instrumento vigente.;;;0;
Maule;San Clemente;Vigente · sin cambios posteriores detectados;SI;IPT_Maule/PRC/San Clemente/IPT_07_PRC_San_Clemente.shp;IPT_07_PRC_San_Clemente;La cartografía está vinculada al instrumento vigente y no se detectaron actos posteriores vigentes que requieran incorporación.;2019-06-11;Plan Regulador Comunal de San Clemente;0;
Maule;San Javier;Vigente · sin cambios posteriores detectados;SI;IPT_Maule/PRC/San Javier/IPT_07_PRC_San_Javier.shp;IPT_07_PRC_San_Javier;La cartografía está vinculada al instrumento vigente y no se detectaron actos posteriores vigentes que requieran incorporación.;2016-11-07;Plan Regulador Comunal de San Javier;0;
Maule;Talca;Requiere revisar cambios posteriores;REVISAR;IPT_Maule/PRC/Talca/IPT_07_PRC_Talca.shp;IPT_07_PRC_Talca;Existen actos normativos posteriores al instrumento base y no está verificado que todos estén incorporados en el SIG.;2011-10-26;Plan Regulador Comunal de Talca;4;2025-10-13
Maule;Teno;Vigente · sin cambios posteriores detectados;SI;IPT_Maule/PRC/Teno/IPT_07_PRC_Teno.shp;IPT_07_PRC_Teno;La cartografía está vinculada al instrumento vigente y no se detectaron actos posteriores vigentes que requieran incorporación.;2017-10-04;Plan Regulador Comunal de Teno;0;
Maule;Vichuquen;Requiere revisar cambios posteriores;REVISAR;IPT_Maule/PRC/Vichuquen/IPT_07_PRC_Vichuquen.shp;IPT_07_PRC_Vichuquen;Existen actos normativos posteriores al instrumento base y no está verificado que todos estén incorporados en el SIG.;1967-09-08;Plan Regulador Comunal de Vichuquén;3;1987-02-27
Maule;Villa Alegre;Vigente · sin cambios posteriores detectados;SI;IPT_Maule/PRC/Villa Alegre/PRC_Villa_Alegre.shp;PRC_Villa_Alegre;La cartografía está vinculada al instrumento vigente y no se detectaron actos posteriores vigentes que requieran incorporación.;2024-05-04;Plan Regulador Comunal de Villa Alegre;0;
Maule;Yerbas Buenas;Vigente · sin cambios posteriores detectados;SI;IPT_Maule/PRC/Yerbas Buenas/IPT_07_PRC_YerbasBuenas.shp;IPT_07_PRC_YerbasBuenas;La cartografía está vinculada al instrumento vigente y no se detectaron actos posteriores vigentes que requieran incorporación.;2018-12-11;Plan Regulador Comunal de Yerbas Buenas;0;
Metropolitana de Santiago;Buin;Sin cartografía SIG vinculada;NO;;;No se encontró una capa SIG vinculada con suficiente confianza al instrumento vigente.;;;0;
Metropolitana de Santiago;Calera De Tango;Sin cartografía SIG vinculada;NO;;;No se encontró una capa SIG vinculada con suficiente confianza al instrumento vigente.;;;0;
Metropolitana de Santiago;Cerrillos;Sin cartografía SIG vinculada;NO;;;No se encontró una capa SIG vinculada con suficiente confianza al instrumento vigente.;1965-09-20;Plan Regulador Comunal de Maipú;2;2011-02-18
Metropolitana de Santiago;Cerro Navia;Probablemente actualizado · falta verificación espacial;REVISAR;IPT_Metropolitana/PRC/Cerro Navia/IPT_13_PRC_Cerro_Navia.shp;IPT_13_PRC_Cerro_Navia;Hay evidencia SIG compatible con todos los actos posteriores, pero aún falta comprobar geometría y atributos.;2019-12-13;Plan Regulador Comunal de Cerro Navia;1;
Metropolitana de Santiago;Colina;Requiere revisar cambios posteriores;REVISAR;IPT_Metropolitana/PRC/Colina/IPT_13_PRC_Colina.shp;IPT_13_PRC_Colina;Existen actos normativos posteriores al instrumento base y no está verificado que todos estén incorporados en el SIG.;2010-03-26;Plan Regulador Comunal de Colina;6;2016-10-28
Metropolitana de Santiago;Conchali;Requiere revisar cambios posteriores;REVISAR;IPT_Metropolitana/PRC/Conchali/IPT_13_PRC_Conchali.shp;IPT_13_PRC_Conchali;Existen actos normativos posteriores al instrumento base y no está verificado que todos estén incorporados en el SIG.;2013-05-04;Plan Regulador Comunal de Conchalí;1;
Metropolitana de Santiago;Curacavi;Requiere revisar cambios posteriores;REVISAR;IPT_Metropolitana/PRC/Curacavi/IPT_13_PRC_Curacavi.shp;IPT_13_PRC_Curacavi;Existen actos normativos posteriores al instrumento base y no está verificado que todos estén incorporados en el SIG.;1991-02-07;Plan Regulador Comunal de Curacaví;4;2011-05-26
Metropolitana de Santiago;El Bosque;SIG encontrado, vínculo ambiguo;REVISAR;IPT_Metropolitana/PRC/El Bosque/IPT_13_PRC_El_Bosque.shp;IPT_13_PRC_El_Bosque;Existe cartografía candidata, pero todavía no se puede asegurar que corresponda al instrumento correcto.;1983-10-18;Plan Regulador Comunal de La Cisterna;4;2026-01-27
Metropolitana de Santiago;El Monte;Sin cartografía SIG vinculada;NO;;;No se encontró una capa SIG vinculada con suficiente confianza al instrumento vigente.;;;0;
Metropolitana de Santiago;Estacion Central;SIG encontrado, vínculo ambiguo;REVISAR;IPT_Metropolitana/PRC/Estacion Central/IPT_13_PRC_Estacion_Central.shp;IPT_13_PRC_Estacion_Central;Existe cartografía candidata, pero todavía no se puede asegurar que corresponda al instrumento correcto.;2025-07-15;Plan Regulador Comunal de Estación Central;1;
Metropolitana de Santiago;Huechuraba;Requiere revisar cambios posteriores;REVISAR;IPT_Metropolitana/PRC/Huechuraba/IPT_13_PRC_Huechuraba.shp;IPT_13_PRC_Huechuraba;Existen actos normativos posteriores al instrumento base y no está verificado que todos estén incorporados en el SIG.;2004-09-29;Plan Regulador Comunal de Huechuraba;16;2023-12-12
Metropolitana de Santiago;Independencia;Requiere revisar cambios posteriores;REVISAR;IPT_Metropolitana/PRC/Indepencia/IPT_13_PRC_Independencia.shp;IPT_13_PRC_Independencia;Existen actos normativos posteriores al instrumento base y no está verificado que todos estén incorporados en el SIG.;2014-03-20;Plan Regulador Comunal de Independencia;1;2015-04-24
Metropolitana de Santiago;Isla De Maipo;Requiere revisar cambios posteriores;REVISAR;IPT_Metropolitana/PRC/Isla de Maipo/IPT_13_PRC_Isla_de_Maipo.shp;IPT_13_PRC_Isla_de_Maipo;Existen actos normativos posteriores al instrumento base y no está verificado que todos estén incorporados en el SIG.;1994-04-16;Plan Regulador Comunal de Isla de Maipo;7;2015-04-28
Metropolitana de Santiago;La Cisterna;Requiere revisar cambios posteriores;REVISAR;IPT_Metropolitana/PRC/La Cisterna/IPT_13_PRC_La_Cisterna.shp;IPT_13_PRC_La_Cisterna;Existen actos normativos posteriores al instrumento base y no está verificado que todos estén incorporados en el SIG.;2004-08-07;Plan Regulador Comunal de La Cisterna;3;2010-12-27
Metropolitana de Santiago;La Florida;Requiere revisar cambios posteriores;REVISAR;IPT_Metropolitana/PRC/La Florida/IPT_13_PRC_La_Florida.shp;IPT_13_PRC_La_Florida;Existen actos normativos posteriores al instrumento base y no está verificado que todos estén incorporados en el SIG.;2001-08-17;Plan Regulador Comunal de La Florida;27;2018-01-25
Metropolitana de Santiago;La Granja;Requiere revisar cambios posteriores;REVISAR;IPT_Metropolitana/PRC/La Granja/IPT_13_PRC_La_Granja.shp;IPT_13_PRC_La_Granja;Existen actos normativos posteriores al instrumento base y no está verificado que todos estén incorporados en el SIG.;2012-12-27;Plan Regulador Comunal de La Granja;4;2019-03-05
Metropolitana de Santiago;La Pintana;Requiere revisar cambios posteriores;REVISAR;IPT_Metropolitana/PRC/La Pintana/IPT_13_PRC_La_Pintana.shp;IPT_13_PRC_La_Pintana;Existen actos normativos posteriores al instrumento base y no está verificado que todos estén incorporados en el SIG.;1952-10-22;Plan Regulador Comunal de La Granja para La Pintana;4;2012-11-24
Metropolitana de Santiago;La Reina;Requiere revisar cambios posteriores;REVISAR;IPT_Metropolitana/PRC/La Reina/IPT_13_PRC_La_Reina.shp;IPT_13_PRC_La_Reina;Existen actos normativos posteriores al instrumento base y no está verificado que todos estén incorporados en el SIG.;2001-11-22;Plan Regulador Comunal de La Reina;8;2016-10-18
Metropolitana de Santiago;Lampa;Sin cartografía SIG vinculada;NO;;;No se encontró una capa SIG vinculada con suficiente confianza al instrumento vigente.;;;0;
Metropolitana de Santiago;Las Condes;Requiere revisar cambios posteriores;REVISAR;IPT_Metropolitana/PRC/Las Condes/IPT_13_PRC_Las_Condes.shp;IPT_13_PRC_Las_Condes;Existen actos normativos posteriores al instrumento base y no está verificado que todos estén incorporados en el SIG.;1995-06-13;Plan Regulador Comunal de Las Condes;35;2022-11-04
Metropolitana de Santiago;Lo Barnechea;Sin cartografía SIG vinculada;NO;;;No se encontró una capa SIG vinculada con suficiente confianza al instrumento vigente.;2025-10-30;PRC Lo Barnechea - Actualización;1;
Metropolitana de Santiago;Lo Espejo;Requiere revisar cambios posteriores;REVISAR;IPT_Metropolitana/PRC/Lo Espejo/IPT_13_PRC_Lo_Espejo.shp;IPT_13_PRC_Lo_Espejo;Existen actos normativos posteriores al instrumento base y no está verificado que todos estén incorporados en el SIG.;1983-10-18;Plan Regulador Comunal de La Cisterna para Lo Espejo;3;2015-05-20
Metropolitana de Santiago;Lo Prado;Sin cartografía SIG vinculada;NO;;;No se encontró una capa SIG vinculada con suficiente confianza al instrumento vigente.;2025-12-17;Actualización Plan Regulador Comunal de Lo Prado;0;
Metropolitana de Santiago;Macul;Requiere revisar cambios posteriores;REVISAR;IPT_Metropolitana/PRC/Macul/IPT_13_PRC_Macul.shp;IPT_13_PRC_Macul;Existen actos normativos posteriores al instrumento base y no está verificado que todos estén incorporados en el SIG.;2004-05-08;Plan Regulador Comunal de Macul;16;2022-01-18
Metropolitana de Santiago;Maipu;Requiere revisar cambios posteriores;REVISAR;IPT_Metropolitana/PRC/Maipu/IPT_13_PRC_Maipu.shp;IPT_13_PRC_Maipu;Existen actos normativos posteriores al instrumento base y no está verificado que todos estén incorporados en el SIG.;2004-11-13;Plan Regulador Comunal de Maipú;10;2024-09-13
Metropolitana de Santiago;Melipilla;Requiere revisar cambios posteriores;REVISAR;IPT_Metropolitana/PRC/Melipilla/IPT_13_PRC_Melipilla.shp;IPT_13_PRC_Melipilla;Existen actos normativos posteriores al instrumento base y no está verificado que todos estén incorporados en el SIG.;1988-06-06;Plan Regulador Comunal de Melipilla;12;2016-09-28
Metropolitana de Santiago;Ñuñoa;Requiere revisar cambios posteriores;REVISAR;IPT_Metropolitana/PRC/Nuñoa/IPT_13_PRC_Nunoa.shp;IPT_13_PRC_Nunoa;Existen actos normativos posteriores al instrumento base y no está verificado que todos estén incorporados en el SIG.;1989-12-11;Plan Regulador Comunal de Ñuñoa;21;2024-11-26
Metropolitana de Santiago;Padre Hurtado;Requiere revisar cambios posteriores;REVISAR;IPT_Metropolitana/PRC/Padre Hurtado/IPT_13_PRC_Padre_Hurtado.shp;IPT_13_PRC_Padre_Hurtado;Existen actos normativos posteriores al instrumento base y no está verificado que todos estén incorporados en el SIG.;2005-02-04;Plan Regulador Comunal de Padre Hurtado;13;2019-06-13
Metropolitana de Santiago;Paine;Requiere revisar cambios posteriores;REVISAR;IPT_Metropolitana/PRC/Paine/IPT_13_PRC_Paine.shp;IPT_13_PRC_Paine;Existen actos normativos posteriores al instrumento base y no está verificado que todos estén incorporados en el SIG.;2015-02-12;Plan Regulador Comunal de Paine;3;2019-02-23
Metropolitana de Santiago;Pedro Aguirre Cerda;SIG encontrado, vínculo ambiguo;REVISAR;IPT_Metropolitana/PRC/Pedro Aguirre Cerda/IPT_13_PRC_Pedro_Aguirre_Cerda.shp;IPT_13_PRC_Pedro_Aguirre_Cerda;Existe cartografía candidata, pero todavía no se puede asegurar que corresponda al instrumento correcto.;2025-08-26;Plan Regulador Comunal de Pedro Aguirre Cerda;0;
Metropolitana de Santiago;Peñaflor;Requiere revisar cambios posteriores;REVISAR;IPT_Metropolitana/PRC/Peñaflor/IPT_13_PRC_Peñaflor.shp;IPT_13_PRC_Peñaflor;Existen actos normativos posteriores al instrumento base y no está verificado que todos estén incorporados en el SIG.;1970-02-26;Plan Regulador Comunal de Peñaflor;5;2013-08-03
Metropolitana de Santiago;Peñalolen;Requiere revisar cambios posteriores;REVISAR;IPT_Metropolitana/PRC/Peñalolen/IPT_13_PRC_Penalolen.shp;IPT_13_PRC_Penalolen;Existen actos normativos posteriores al instrumento base y no está verificado que todos estén incorporados en el SIG.;1989-07-27;Plan Regulador Comunal de Peñalolén;18;2018-08-28
Metropolitana de Santiago;Pirque;Vigente · sin cambios posteriores detectados;SI;IPT_Metropolitana/PRC/Pirque/IPT_13_PRC_Pirque.shp;IPT_13_PRC_Pirque;La cartografía está vinculada al instrumento vigente y no se detectaron actos posteriores vigentes que requieran incorporación.;2015-12-23;Plan Regulador Comunal de Pirque;0;
Metropolitana de Santiago;Providencia;Requiere revisar cambios posteriores;REVISAR;IPT_Metropolitana/PRC/Providencia/IPT_13_PRC_Providencia.shp;IPT_13_PRC_Providencia;Existen actos normativos posteriores al instrumento base y no está verificado que todos estén incorporados en el SIG.;2007-01-23;Plan Regulador Comunal de Providencia;17;2025-05-29
Metropolitana de Santiago;Pudahuel;Probablemente actualizado · falta verificación espacial;REVISAR;IPT_Metropolitana/PRC/Pudahuel/IPT_13_PRC_Pudahuel.shp;IPT_13_PRC_Pudahuel;Hay evidencia SIG compatible con todos los actos posteriores, pero aún falta comprobar geometría y atributos.;2021-02-05;Plan Regulador Comunal de Pudahuel;1;2026-05-12
Metropolitana de Santiago;Puente Alto;Requiere revisar cambios posteriores;REVISAR;IPT_Metropolitana/PRC/Puente Alto/IPT_13_PRC_Puente_Alto.shp;IPT_13_PRC_Puente_Alto;Existen actos normativos posteriores al instrumento base y no está verificado que todos estén incorporados en el SIG.;2003-04-25;Plan Regulador Comunal de Puente Alto;10;2017-05-12
Metropolitana de Santiago;Quilicura;Requiere revisar cambios posteriores;REVISAR;IPT_Metropolitana/PRC/Quilicura/IPT_13_PRC_Quilicura.shp;IPT_13_PRC_Quilicura;Existen actos normativos posteriores al instrumento base y no está verificado que todos estén incorporados en el SIG.;1985-05-08;Plan Regulador Comunal de Quilicura;3;2019-01-04
Metropolitana de Santiago;Quinta Normal;Requiere revisar cambios posteriores;REVISAR;IPT_Metropolitana/PRC/Quinta Normal/IPT_13_PRC_Quinta_Normal.shp;IPT_13_PRC_Quinta_Normal;Existen actos normativos posteriores al instrumento base y no está verificado que todos estén incorporados en el SIG.;2019-10-24;Plan Regulador Comunal de Quinta Normal;5;2025-08-01
Metropolitana de Santiago;Recoleta;Requiere revisar cambios posteriores;REVISAR;IPT_Metropolitana/PRC/Recoleta/IPT_13_PRC_Recoleta.shp;IPT_13_PRC_Recoleta;Existen actos normativos posteriores al instrumento base y no está verificado que todos estén incorporados en el SIG.;2005-01-08;Plan Regulador Comunal de Recoleta;6;2021-02-09
Metropolitana de Santiago;Renca;Requiere revisar cambios posteriores;REVISAR;IPT_Metropolitana/PRC/Renca/IPT_13_PRC_Renca.shp;IPT_13_PRC_Renca;Existen actos normativos posteriores al instrumento base y no está verificado que todos estén incorporados en el SIG.;2022-02-22;Plan Regulador Comunal de Renca;2;2026-07-07
Metropolitana de Santiago;San Bernardo;Requiere revisar cambios posteriores;REVISAR;IPT_Metropolitana/PRC/San Bernardo/IPT_13_PRC_San_Bernardo.shp;IPT_13_PRC_San_Bernardo;Existen actos normativos posteriores al instrumento base y no está verificado que todos estén incorporados en el SIG.;2006-06-13;Plan Regulador Comunal de San Bernardo;11;2022-07-22
Metropolitana de Santiago;San Joaquin;Requiere revisar cambios posteriores;REVISAR;IPT_Metropolitana/PRC/San Joaquin/IPT_13_PRC_San_Joaquin.shp;IPT_13_PRC_San_Joaquin;Existen actos normativos posteriores al instrumento base y no está verificado que todos estén incorporados en el SIG.;2019-11-06;Plan Regulador Comunal de San Joaquín;2;2024-01-09
Metropolitana de Santiago;San Jose De Maipo;Sin cartografía SIG vinculada;NO;;;No se encontró una capa SIG vinculada con suficiente confianza al instrumento vigente.;;;0;
Metropolitana de Santiago;San Miguel;Vigente · sin cambios posteriores detectados;SI;IPT_Metropolitana/PRC/San Miguel/IPT_13_PRC_San_Miguel.shp;IPT_13_PRC_San_Miguel;La cartografía está vinculada al instrumento vigente y no se detectaron actos posteriores vigentes que requieran incorporación.;2016-11-25;Plan Regulador Comunal de San Miguel;0;
Metropolitana de Santiago;San Ramon;Vigente · sin cambios posteriores detectados;SI;IPT_Metropolitana/PRC/San Ramon/IPT_13_PRC_San_Ramon.shp;IPT_13_PRC_San_Ramon;La cartografía está vinculada al instrumento vigente y no se detectaron actos posteriores vigentes que requieran incorporación.;1952-10-22;Plan Regulador Comunal de La Granja para San Ramón;0;
Metropolitana de Santiago;Santiago;Requiere revisar cambios posteriores;REVISAR;IPT_Metropolitana/PRC/Santiago/IPT_13_PRC_Santiago.shp;IPT_13_PRC_Santiago;Existen actos normativos posteriores al instrumento base y no está verificado que todos estén incorporados en el SIG.;1990-01-27;Plan Regulador Comunal de Santiago;55;2021-12-02
Metropolitana de Santiago;Talagante;Requiere revisar cambios posteriores;REVISAR;IPT_Metropolitana/PRC/Talagante/IPT_13_PRC_Talagante.shp;IPT_13_PRC_Talagante;Existen actos normativos posteriores al instrumento base y no está verificado que todos estén incorporados en el SIG.;2011-08-04;Plan Regulador Comunal de Talagante;5;2025-05-13
Metropolitana de Santiago;Til Til;Sin cartografía SIG vinculada;NO;;;No se encontró una capa SIG vinculada con suficiente confianza al instrumento vigente.;;;0;
Metropolitana de Santiago;Vitacura;Requiere revisar cambios posteriores;REVISAR;IPT_Metropolitana/PRC/Vitacura/IPT_13_PRC_Vitacura.shp;IPT_13_PRC_Vitacura;Existen actos normativos posteriores al instrumento base y no está verificado que todos estén incorporados en el SIG.;1999-12-30;Plan Regulador Comunal de Vitacura;60;2020-03-05
Ñuble;Bulnes;Vigente · sin cambios posteriores detectados;SI;IPT_NUBLE/PRC/Bulnes/PRC_Bulnes.shp;PRC_Bulnes;La cartografía está vinculada al instrumento vigente y no se detectaron actos posteriores vigentes que requieran incorporación.;2015-10-06;Plan Regulador Comunal de Bulnes;0;
Ñuble;Chillán;SIG encontrado, vínculo ambiguo;REVISAR;IPT_NUBLE/PRC/Chillan/PRC_Chillan.shp;PRC_Chillan;Existe cartografía candidata, pero todavía no se puede asegurar que corresponda al instrumento correcto.;2016-07-21;Plan Regulador Comunal de Chillán;1;2016-09-17
Ñuble;Chillán Viejo;SIG encontrado, vínculo ambiguo;REVISAR;IPT_NUBLE/PRC/Chillan Viejo/PRC_Chillan_Viejo_R.shp;PRC_Chillan_Viejo_R;Existe cartografía candidata, pero todavía no se puede asegurar que corresponda al instrumento correcto.;2012-08-20;Plan Regulador Comunal de Chillán Viejo;2;2018-01-12
Ñuble;Cobquecura;Requiere revisar cambios posteriores;REVISAR;IPT_NUBLE/PRC/Cobquecura/PRC_Cobquecura.shp;PRC_Cobquecura;Existen actos normativos posteriores al instrumento base y no está verificado que todos estén incorporados en el SIG.;2001-12-07;Plan Regulador Comunal de Cobquecura;1;2015-05-13
Ñuble;Coelemu;Requiere revisar cambios posteriores;REVISAR;IPT_NUBLE/PRC/Coelemu/PRC_Coelemu.shp;PRC_Coelemu;Existen actos normativos posteriores al instrumento base y no está verificado que todos estén incorporados en el SIG.;2010-02-03;Plan Regulador Comunal de Coelemu;1;2016-01-21
Ñuble;Coihueco;Sin cartografía SIG vinculada;NO;;;No se encontró una capa SIG vinculada con suficiente confianza al instrumento vigente.;;;0;
Ñuble;El Carmen;Vigente · sin cambios posteriores detectados;SI;IPT_NUBLE/PRC/El Carmen/PRC_El_Carmen.shp;PRC_El_Carmen;La cartografía está vinculada al instrumento vigente y no se detectaron actos posteriores vigentes que requieran incorporación.;2009-12-28;Plan Regulador Comunal de El Carmen;0;
Ñuble;Ninhue;Requiere revisar cambios posteriores;REVISAR;IPT_NUBLE/PRC/Ninhue/PRC_Ninhue.shp;PRC_Ninhue;Existen actos normativos posteriores al instrumento base y no está verificado que todos estén incorporados en el SIG.;2008-07-01;Plan Regulador Comunal de Ninhue;1;2015-06-20
Ñuble;Ñiquén;Vigente · sin cambios posteriores detectados;SI;IPT_NUBLE/PRC/Niquen/PRC_Niquen.shp;PRC_Niquen;La cartografía está vinculada al instrumento vigente y no se detectaron actos posteriores vigentes que requieran incorporación.;2009-09-24;Plan Regulador Comunal de Ñiquén;0;
Ñuble;Pemuco;Vigente · sin cambios posteriores detectados;SI;IPT_NUBLE/PRC/Pemuco/PRC_Pemuco.shp;PRC_Pemuco;La cartografía está vinculada al instrumento vigente y no se detectaron actos posteriores vigentes que requieran incorporación.;;;0;
Ñuble;Pinto;Vigente · sin cambios posteriores detectados;SI;IPT_NUBLE/PRC/Pinto/PRC_Pinto.shp;PRC_Pinto;La cartografía está vinculada al instrumento vigente y no se detectaron actos posteriores vigentes que requieran incorporación.;;;0;
Ñuble;Portezuelo;Requiere revisar cambios posteriores;REVISAR;IPT_NUBLE/PRC/Portezuelo/PRC_Portezuelo.shp;PRC_Portezuelo;Existen actos normativos posteriores al instrumento base y no está verificado que todos estén incorporados en el SIG.;2007-06-30;Plan Regulador Comunal de Portezuelo;1;2012-03-02
Ñuble;Quillón;Requiere revisar cambios posteriores;REVISAR;IPT_NUBLE/PRC/Quillon/PRC_Quillon.shp;PRC_Quillon;Existen actos normativos posteriores al instrumento base y no está verificado que todos estén incorporados en el SIG.;2007-12-17;Plan Regulador Comunal de Quillón;3;2015-05-30
Ñuble;Quirihue;Requiere revisar cambios posteriores;REVISAR;IPT_NUBLE/PRC/Quirihue/PRC_Quirihue.shp;PRC_Quirihue;Existen actos normativos posteriores al instrumento base y no está verificado que todos estén incorporados en el SIG.;2007-06-30;Plan Regulador Comunal de Quirihue;2;2015-05-07
Ñuble;Ránquil;Requiere revisar cambios posteriores;REVISAR;IPT_NUBLE/PRC/Ranquil/PRC_Ranquil.shp;PRC_Ranquil;Existen actos normativos posteriores al instrumento base y no está verificado que todos estén incorporados en el SIG.;2006-12-21;Plan Regulador Comunal de Ránquil;1;2015-05-22
Ñuble;San Carlos;Requiere revisar cambios posteriores;REVISAR;IPT_NUBLE/PRC/San Carlos/PRC_SanCarlos.shp;PRC_SanCarlos;Existen actos normativos posteriores al instrumento base y no está verificado que todos estén incorporados en el SIG.;2010-02-03;Plan Regulador Comunal de San Carlos;1;2011-12-05
Ñuble;San Fabián;Requiere revisar cambios posteriores;REVISAR;IPT_NUBLE/PRC/San Fabian/PRC_San_Fabian.shp;PRC_San_Fabian;Existen actos normativos posteriores al instrumento base y no está verificado que todos estén incorporados en el SIG.;1967-01-12;Plan Regulador Comunal de San Fabián;3;2010-10-29
Ñuble;San Ignacio;Vigente · sin cambios posteriores detectados;SI;IPT_NUBLE/PRC/San Ignacio/PRC_San_Ignacio.shp;PRC_San_Ignacio;La cartografía está vinculada al instrumento vigente y no se detectaron actos posteriores vigentes que requieran incorporación.;2013-05-10;Plan Regulador Comunal de San Ignacio;0;
Ñuble;San Nicolás;Sin cartografía SIG vinculada;NO;;;No se encontró una capa SIG vinculada con suficiente confianza al instrumento vigente.;;;0;
Ñuble;Treguaco;Sin cartografía SIG vinculada;NO;;;No se encontró una capa SIG vinculada con suficiente confianza al instrumento vigente.;;;0;
Ñuble;Yungay;Requiere revisar cambios posteriores;REVISAR;IPT_NUBLE/PRC/Yungay/PRC_Yungay.shp;PRC_Yungay;Existen actos normativos posteriores al instrumento base y no está verificado que todos estén incorporados en el SIG.;1993-04-06;Plan Regulador Comunal de Yungay;2;2010-10-16
Tarapacá;Alto Hospicio;Probablemente actualizado · falta verificación espacial;REVISAR;IPT_Tarapaca/PRC/Alto Hospicio/IPT_01_PRC_Alto_Hospicio.shp;IPT_01_PRC_Alto_Hospicio;Hay evidencia SIG compatible con todos los actos posteriores, pero aún falta comprobar geometría y atributos.;2002-01-31;Plan Seccional Alto Hospicio - Alto Molle (Zonificación);4;2014-03-04
Tarapacá;Huara;Probablemente actualizado · falta verificación espacial;REVISAR;IPT_Tarapaca/PRC/Huara/IPT_01_PRC_Huara.shp;IPT_01_PRC_Huara;Hay evidencia SIG compatible con todos los actos posteriores, pero aún falta comprobar geometría y atributos.;1966-11-10;Plano Regulador de Pisagua;1;
Tarapacá;Iquique;Vigente · sin cambios posteriores detectados;SI;IPT_Tarapaca/PRC/Iquique/IPT_01_PRC_Iquique.shp;IPT_01_PRC_Iquique;La cartografía está vinculada al instrumento vigente y no se detectaron actos posteriores vigentes que requieran incorporación.;2025-02-17;Actualización Plan Regulador Comunal de Iquique;0;
Tarapacá;Pica;Requiere revisar cambios posteriores;REVISAR;IPT_Tarapaca/PRC/Pica/IPT_01_PRC_Pica.shp;IPT_01_PRC_Pica;Existen actos normativos posteriores al instrumento base y no está verificado que todos estén incorporados en el SIG.;1994-05-17;Plan Regulador Comunal de Pica y Matilla;1;
Tarapacá;Pozo Almonte;Probablemente actualizado · falta verificación espacial;REVISAR;IPT_Tarapaca/PRC/Pozo Almonte/IPT_01_PRC_PozoAlmonte.shp;IPT_01_PRC_PozoAlmonte;Hay evidencia SIG compatible con todos los actos posteriores, pero aún falta comprobar geometría y atributos.;1984-05-15;Plan Regulador de Pozo Almonte;2;2010-12-14
Valparaíso;Algarrobo;Requiere revisar cambios posteriores;REVISAR;IPT_Valparaiso/PRC/Algarrobo/IPT_05_PRC_Algarrobo.shp;IPT_05_PRC_Algarrobo;Existen actos normativos posteriores al instrumento base y no está verificado que todos estén incorporados en el SIG.;1998-10-20;Plan Regulador Comunal de Algarrobo;3;2019-02-20
Valparaíso;Cabildo;Requiere revisar cambios posteriores;REVISAR;IPT_Valparaiso/PRC/Cabildo/IPT_05_PRC_Cabildo.shp;IPT_05_PRC_Cabildo;Existen actos normativos posteriores al instrumento base y no está verificado que todos estén incorporados en el SIG.;1999-03-10;Plan Regulador Comunal de Cabildo;3;2021-06-16
Valparaíso;Calera;Requiere revisar cambios posteriores;REVISAR;IPT_Valparaiso/PRC/Calera/IPT_05_PRC_Calera.shp;IPT_05_PRC_Calera;Existen actos normativos posteriores al instrumento base y no está verificado que todos estén incorporados en el SIG.;1992-07-25;Plan Regulador Comunal de La Calera;3;2010-09-29
Valparaíso;Calle Larga;Probablemente actualizado · falta verificación espacial;REVISAR;IPT_Valparaiso/PRC/Calle larga/IPT_05_PRC_Calle_Larga.shp;IPT_05_PRC_Calle_Larga;Hay evidencia SIG compatible con todos los actos posteriores, pero aún falta comprobar geometría y atributos.;2014-03-05;Plan Regulador Comunal de Calle Larga;1;2022-06-03
Valparaíso;Cartagena;Requiere revisar cambios posteriores;REVISAR;IPT_Valparaiso/PRC/Cartagena/IPT_05_PRC_Cartagena.shp;IPT_05_PRC_Cartagena;Existen actos normativos posteriores al instrumento base y no está verificado que todos estén incorporados en el SIG.;1995-02-27;Plan Regulador Comunal de Cartagena;2;2005-04-23
Valparaíso;Casablanca;Requiere revisar cambios posteriores;REVISAR;IPT_Valparaiso/PRC/Casablanca/IPT_05_PRC_Casablanca.shp;IPT_05_PRC_Casablanca;Existen actos normativos posteriores al instrumento base y no está verificado que todos estén incorporados en el SIG.;2020-10-16;Plan Regulador Comunal de Casablanca;1;2022-09-02
Valparaíso;Catemu;Vigente · sin cambios posteriores detectados;SI;IPT_Valparaiso/PRC/Catemu/IPT_05_PRC_Catemu.shp;IPT_05_PRC_Catemu;La cartografía está vinculada al instrumento vigente y no se detectaron actos posteriores vigentes que requieran incorporación.;1985-08-11;Plan Regulador Comunal de Catemu;0;
Valparaíso;Concon;Probablemente actualizado · falta verificación espacial;REVISAR;IPT_Valparaiso/PRC/Concon/IPT_05_PRC_Concon.shp;IPT_05_PRC_Concon;Hay evidencia SIG compatible con todos los actos posteriores, pero aún falta comprobar geometría y atributos.;2017-05-17;Plan Regulador Comunal de Concón;2;2019-04-22
Valparaíso;El Quisco;Vigente · sin cambios posteriores detectados;SI;IPT_Valparaiso/PRC/El Quisco/IPT_05_PRC_El_Quisco.shp;IPT_05_PRC_El_Quisco;La cartografía está vinculada al instrumento vigente y no se detectaron actos posteriores vigentes que requieran incorporación.;2025-05-22;Plan Regulador Comunal de El Quisco;0;
Valparaíso;El Tabo;Requiere revisar cambios posteriores;REVISAR;IPT_Valparaiso/PRC/El Tabo/IPT_05_PRC_El_Tabo.shp;IPT_05_PRC_El_Tabo;Existen actos normativos posteriores al instrumento base y no está verificado que todos estén incorporados en el SIG.;2005-04-25;Plan Regulador Comunal de El Tabo;6;2020-03-10
Valparaíso;Hijuelas;Vigente · sin cambios posteriores detectados;SI;IPT_Valparaiso/PRC/Hijuelas/IPT_05_PRC_Hijuelas.shp;IPT_05_PRC_Hijuelas;La cartografía está vinculada al instrumento vigente y no se detectaron actos posteriores vigentes que requieran incorporación.;1984-06-04;Plan Regulador Comunal de Hijuelas;0;
Valparaíso;Isla De Pascua;SIG encontrado, vínculo ambiguo;REVISAR;IPT_Valparaiso/PRC_WM/IPT_05_PRC_Isla_de_Pascua.shp;IPT_05_PRC_Isla_de_Pascua;Existe cartografía candidata, pero todavía no se puede asegurar que corresponda al instrumento correcto.;2026-02-04;Actualización Plan Regulador Comunal de Isla de Pascua;1;
Valparaíso;Juan Fernandez;Probablemente actualizado · falta verificación espacial;REVISAR;IPT_Valparaiso/PRC/Juan Fernandez/IPT_05_PRC_Juan_Fernandez.shp;IPT_05_PRC_Juan_Fernandez;Hay evidencia SIG compatible con todos los actos posteriores, pero aún falta comprobar geometría y atributos.;2002-05-03;PROMULGA ACTUALIZACIÓN DEL PLAN REGULADOR COMUNAL DE JUAN FERNÁNDEZ;1;2013-07-06
Valparaíso;La Cruz;Sin cartografía SIG vinculada;NO;;;No se encontró una capa SIG vinculada con suficiente confianza al instrumento vigente.;;;0;
Valparaíso;La Ligua;Requiere revisar cambios posteriores;REVISAR;IPT_Valparaiso/PRC/La Ligua/IPT_05_PRC_La_Ligua.shp;IPT_05_PRC_La_Ligua;Existen actos normativos posteriores al instrumento base y no está verificado que todos estén incorporados en el SIG.;1980-12-17;Plan Regulador Comunal de La Ligua;1;
Valparaíso;Limache;Sin cartografía SIG vinculada;NO;;;No se encontró una capa SIG vinculada con suficiente confianza al instrumento vigente.;2025-05-08;ACTUALIZACIÓN DE PLAN REGULADOR COMUNAL DE LIMACHE;1;
Valparaíso;Llaillay;Requiere revisar cambios posteriores;REVISAR;IPT_Valparaiso/PRC/Llaillay/IPT_05_PRC_Llaillay.shp;IPT_05_PRC_Llaillay;Existen actos normativos posteriores al instrumento base y no está verificado que todos estén incorporados en el SIG.;1999-04-29;Plan Regulador Comunal de Llaillay;1;
Valparaíso;Los Andes;Sin cartografía SIG vinculada;NO;;;No se encontró una capa SIG vinculada con suficiente confianza al instrumento vigente.;2026-01-22;MODIFICACIÓN INTEGRAL DEL PLAN REGULADOR COMUNAL DE LOS ANDES;1;
Valparaíso;Nogales;Requiere revisar cambios posteriores;REVISAR;IPT_Valparaiso/PRC/Nogales/IPT_05_PRC_Nogales.shp;IPT_05_PRC_Nogales;Existen actos normativos posteriores al instrumento base y no está verificado que todos estén incorporados en el SIG.;1984-08-09;Plan Regulador Comunal de Nogales;1;
Valparaíso;Olmue;Requiere revisar cambios posteriores;REVISAR;IPT_Valparaiso/PRC/Olmue/IPT_05_PRC_Olmue.shp;IPT_05_PRC_Olmue;Existen actos normativos posteriores al instrumento base y no está verificado que todos estén incorporados en el SIG.;1982-09-23;Plan Regulador Comunal de Olmué;4;2009-03-09
Valparaíso;Panquehue;Vigente · sin cambios posteriores detectados;SI;IPT_Valparaiso/PRC/Panquehue/IPT_05_PRC_Panquehue.shp;IPT_05_PRC_Panquehue;La cartografía está vinculada al instrumento vigente y no se detectaron actos posteriores vigentes que requieran incorporación.;1986-05-16;Plan Regulador Comunal de Panquehue;0;
Valparaíso;Papudo;Vigente · sin cambios posteriores detectados;SI;IPT_Valparaiso/PRC/Papudo/IPT_05_PRC_Papudo.shp;IPT_05_PRC_Papudo;La cartografía está vinculada al instrumento vigente y no se detectaron actos posteriores vigentes que requieran incorporación.;2023-03-23;Plan Regulador Comunal de Papudo;0;
Valparaíso;Petorca;Sin cartografía SIG vinculada;NO;;;No se encontró una capa SIG vinculada con suficiente confianza al instrumento vigente.;;;0;
Valparaíso;Puchuncavi;Requiere revisar cambios posteriores;REVISAR;IPT_Valparaiso/PRC/Puchuncaví/IPT_05_PRC_Puchuncavi.shp;IPT_05_PRC_Puchuncavi;Existen actos normativos posteriores al instrumento base y no está verificado que todos estén incorporados en el SIG.;2009-09-05;Plan Regulador Comunal de Puchuncaví;2;2011-09-07
Valparaíso;Putaendo;Requiere revisar cambios posteriores;REVISAR;IPT_Valparaiso/PRC/Putaendo/IPT_05_PRC_Putaendo.shp;IPT_05_PRC_Putaendo;Existen actos normativos posteriores al instrumento base y no está verificado que todos estén incorporados en el SIG.;1984-03-08;Plan Regulador Comunal de Putaendo;1;
Valparaíso;Quillota;Requiere revisar cambios posteriores;REVISAR;IPT_Valparaiso/PRC/Quillota/IPT_05_PRC_Quillota.shp;IPT_05_PRC_Quillota;Existen actos normativos posteriores al instrumento base y no está verificado que todos estén incorporados en el SIG.;1947-12-10;Plan Regulador Comunal de Quillota;8;2000-07-12
Valparaíso;Quilpue;Requiere revisar cambios posteriores;REVISAR;IPT_Valparaiso/PRC/Quilpue/IPT_05_PRC_Quilpue.shp;IPT_05_PRC_Quilpue;Existen actos normativos posteriores al instrumento base y no está verificado que todos estén incorporados en el SIG.;2019-07-26;Plan Regulador Comunal de Quilpué;2;2020-06-15
Valparaíso;Quintero;Requiere revisar cambios posteriores;REVISAR;IPT_Valparaiso/PRC/Quintero/IPT_05_PRC_Quintero.shp;IPT_05_PRC_Quintero;Existen actos normativos posteriores al instrumento base y no está verificado que todos estén incorporados en el SIG.;1984-05-08;Plan Regulador Comunal de Quintero;2;1987-09-08
Valparaíso;Rinconada;Vigente · sin cambios posteriores detectados;SI;IPT_Valparaiso/PRC/Rinconada/IPT_05_PRC_Rinconada.shp;IPT_05_PRC_Rinconada;La cartografía está vinculada al instrumento vigente y no se detectaron actos posteriores vigentes que requieran incorporación.;2005-10-31;Plan Regulador Comunal de Rinconada;0;
Valparaíso;San Antonio;Requiere revisar cambios posteriores;REVISAR;IPT_Valparaiso/PRC/San Antonio/IPT_05_PRC_San_Antonio.shp;IPT_05_PRC_San_Antonio;Existen actos normativos posteriores al instrumento base y no está verificado que todos estén incorporados en el SIG.;2006-06-21;Plan Regulador Comunal de San Antonio;1;2015-04-13
Valparaíso;San Esteban;Vigente · sin cambios posteriores detectados;SI;IPT_Valparaiso/PRC/San Esteban/IPT_05_PRC_San_Esteban.shp;IPT_05_PRC_San_Esteban;La cartografía está vinculada al instrumento vigente y no se detectaron actos posteriores vigentes que requieran incorporación.;2018-06-21;Plan Regulador Comunal de San Esteban;0;
Valparaíso;San Felipe;Requiere revisar cambios posteriores;REVISAR;IPT_Valparaiso/PRC/San Felipe/IPT_05_PRC_San_Felipe.shp;IPT_05_PRC_San_Felipe;Existen actos normativos posteriores al instrumento base y no está verificado que todos estén incorporados en el SIG.;1999-04-23;Plan Regulador Comunal de San Felipe;3;2015-05-05
Valparaíso;Santa Maria;Probablemente actualizado · falta verificación espacial;REVISAR;IPT_Valparaiso/PRC/Santa Maria/IPT_05_PRC_Santa_Maria.shp;IPT_05_PRC_Santa_Maria;Hay evidencia SIG compatible con todos los actos posteriores, pero aún falta comprobar geometría y atributos.;1984-05-19;Plan Regulador Comunal de Santa María;1;
Valparaíso;Santo Domingo;Requiere revisar cambios posteriores;REVISAR;IPT_Valparaiso/PRC/Santo Domingo/IPT_05_PRC_Santo_Domingo.shp;IPT_05_PRC_Santo_Domingo;Existen actos normativos posteriores al instrumento base y no está verificado que todos estén incorporados en el SIG.;2003-11-11;Plan Regulador Comunal de Santo Domingo;7;2022-07-19
Valparaíso;Valparaiso;Requiere revisar cambios posteriores;REVISAR;IPT_Valparaiso/PRC/Valparaíso/IPT_05_PRC_Valparaíso.shp;IPT_05_PRC_Valparaíso;Existen actos normativos posteriores al instrumento base y no está verificado que todos estén incorporados en el SIG.;1984-04-10;Plan Regulador Comunal de Valparaiso;18;2010-04-21
Valparaíso;Villa Alemana;Requiere revisar cambios posteriores;REVISAR;IPT_Valparaiso/PRC/Villa Alemana/IPT_05_PRC_Villa_Alemana.shp;IPT_05_PRC_Villa_Alemana;Existen actos normativos posteriores al instrumento base y no está verificado que todos estén incorporados en el SIG.;2002-08-24;Plan Regulador Comunal de Villa Alemana;9;2017-08-12
Valparaíso;Viña Del Mar;Requiere revisar cambios posteriores;REVISAR;IPT_Valparaiso/PRC/Viña del Mar/IPT_05_PRC_VinadelMar.shp;IPT_05_PRC_VinadelMar;Existen actos normativos posteriores al instrumento base y no está verificado que todos estén incorporados en el SIG.;2002-12-13;Plan Regulador Comunal de Viña del Mar;18;2016-09-16
Valparaíso;Zapallar;Vigente · sin cambios posteriores detectados;SI;IPT_Valparaiso/PRC/Zapallar/IPT_05_PRC_Zapallar.shp;IPT_05_PRC_Zapallar;La cartografía está vinculada al instrumento vigente y no se detectaron actos posteriores vigentes que requieran incorporación.;1999-01-21;Plan Regulador Comunal de Zapallar;0;
